client_number,customer_name,card_category,annual_fees,activation,customer_execuation_cast,week_start,week_number,quater,current_year,credit_limit,total_revolving_balance,total_transection_amount,total_transection_count,average_utilization_ratio,use_chip,expendeture_type,interest_earn,deliquent_account
C100001,Ali Khan,Gold,150,1,113.36,2024-03-11,11,1,2024,16490,6859.17,11084.81,37,0.416,swipe,Grocery,1873.86,0
C100002,Mumtaz Ahmed,Silver,50,1,39.5,2024-02-12,7,1,2024,6128,3592.45,388.57,8,0.5862,chip,Utilities,713.52,0
C100003,Ateeq Aziz,Blue,20,1,27.29,2024-09-30,40,4,2024,4172,2044.31,485.98,6,0.49,online,Utilities,448.17,0
C100004,Ibrahim Naeem,Platinum,300,1,127.92,2024-03-18,12,1,2024,35757,12798.46,32949.65,67,0.3579,swipe,Healthcare,1884.4,0
C100005,Sara Rashid,Platinum,300,1,91.67,2024-02-12,7,1,2024,22936,2443.23,10827.72,41,0.1065,online,Grocery,727.84,0
C100006,Farah Nazir,Blue,20,1,37.34,2024-08-19,34,3,2024,2458,1034.27,63.81,1,0.4208,swipe,Grocery,163.97,0
C100007,Nadia Ahmed,Silver,50,1,69.51,2024-11-11,46,4,2024,7496,1974.51,1156.93,13,0.2634,online,Fuel,314.21,0
C100008,Aisha Hussain,Gold,150,1,158.19,2024-02-05,6,1,2024,17918,3756.11,21064.04,37,0.2096,chip,Grocery,908.32,0
C100009,Imran Mir,Gold,150,1,24.6,2024-06-24,26,2,2024,15275,2808.72,15048.13,39,0.1839,chip,Entertainment,677.87,0
C100010,Aisha Nazir,Gold,150,1,135.1,2024-04-29,18,2,2024,15771,2703.11,11303.57,26,0.1714,chip,Education,563.16,0
C100011,Zubair Qureshi,Gold,150,1,132.53,2024-01-29,5,1,2024,15888,3300.4,7667.14,30,0.2077,chip,Food,654.08,0
C100012,Rehan Javed,Blue,20,1,9.92,2024-10-14,42,4,2024,2985,1412.28,149.67,3,0.4731,swipe,Shopping,308.32,1
C100013,Rana Aslam,Platinum,300,1,325.19,2024-03-11,11,1,2024,37999,7046.79,55935.06,69,0.1854,online,Travel,1348.23,0
C100014,Zubair Aziz,Blue,20,1,40.48,2024-10-21,43,4,2024,4365,1633.5,492.05,5,0.3742,online,Shopping,457.99,1
C100015,Hussain Shah,Silver,50,1,25.38,2024-02-26,9,1,2024,8220,1937.34,2122.17,21,0.2357,chip,Travel,496.26,0
C100016,Leen Nazir,Blue,20,1,44.6,2024-08-26,35,3,2024,3494,2201.1,267.85,4,0.63,swipe,Entertainment,558.97,0
C100017,Mohammad Batool,Gold,150,1,65.74,2024-09-30,40,4,2024,12746,1720.95,9330.85,29,0.135,online,Shopping,308.12,0
C100018,Leen Butt,Silver,50,0,56.82,2024-05-13,20,2,2024,6884,694.19,3196.63,19,0.1008,swipe,Travel,128.37,0
C100019,Zain Riaz,Gold,150,1,113.41,2024-09-16,38,3,2024,15125,2254.45,9118.56,28,0.1491,swipe,Utilities,429.94,0
C100020,Noor Aziz,Platinum,300,0,125.43,2024-01-01,1,1,2024,31498,13881.4,39162.06,78,0.4407,swipe,Shopping,3491.48,0
C100021,Ali Ullah,Silver,50,0,77.64,2024-06-03,23,2,2024,5561,1219.97,1118.73,9,0.2194,chip,Food,297.67,0
C100022,Kiran Ahmed,Blue,20,1,37.82,2024-02-05,6,1,2024,3763,2831.87,427.66,5,0.7526,swipe,Travel,769.18,1
C100023,Naveed Aziz,Blue,20,1,25.98,2024-11-04,45,4,2024,2285,1494.21,166.81,4,0.6539,online,Utilities,332.62,0
C100024,Yasir Khalil,Blue,20,0,22.46,2024-11-25,48,4,2024,3838,1320.37,232.16,3,0.344,online,Education,335.82,0
C100025,Latif Anjum,Blue,20,1,41.01,2024-01-08,2,1,2024,1991,929.86,287.85,6,0.467,swipe,Bills,194.73,1
C100026,Bilal Khan,Blue,20,1,12.84,2024-04-22,17,2,2024,4305,1952.63,659.91,8,0.4536,chip,Food,474.34,0
C100027,Aisha Shah,Blue,20,1,6.57,2024-04-15,16,2,2024,4706,1696.38,639.26,7,0.3605,swipe,Travel,458.56,0
C100028,Kiran Yousaf,Silver,50,1,42.89,2024-07-22,30,3,2024,6066,760.45,2013.7,14,0.1254,chip,Grocery,204.63,0
C100029,Leen Nawaz,Silver,50,1,52.35,2024-01-22,4,1,2024,6968,1101.11,1843.39,12,0.158,swipe,Grocery,172.32,1
C100030,Hamza Naeem,Platinum,300,1,343.09,2024-04-01,14,2,2024,30085,8395.51,44034.45,69,0.2791,swipe,Education,1945.66,1
C100031,Omar Javed,Silver,50,1,91.85,2024-02-05,6,1,2024,5772,1717.44,1498.86,9,0.2975,online,Bills,256.26,1
C100032,Mumtaz Pervez,Blue,20,1,51.25,2024-04-29,18,2,2024,1327,233.13,53.61,2,0.1757,chip,Healthcare,35.35,0
C100033,Sana Riaz,Silver,50,1,67.45,2024-07-08,28,3,2024,7838,806.4,1687.81,9,0.1029,chip,Healthcare,184.94,0
C100034,Imran Sheikh,Silver,50,0,46.8,2024-10-07,41,4,2024,8286,3702.04,1735.92,11,0.4468,swipe,Education,1088.21,1
C100035,Yahya Rashid,Platinum,300,1,165.59,2024-09-30,40,4,2024,19880,6558.75,22281.65,48,0.3299,chip,Shopping,1648.34,1
C100036,Rida Siddiqui,Silver,50,1,34.65,2024-03-18,12,1,2024,10229,1909.7,2781.94,10,0.1867,chip,Bills,445.7,1
C100037,Omar Ahmed,Silver,50,1,57.25,2024-04-29,18,2,2024,4130,1985.77,1193.14,12,0.4808,online,Grocery,364.88,0
C100038,Kiran Qureshi,Silver,50,1,50.1,2024-02-05,6,1,2024,8856,3489.66,3461.56,23,0.394,online,Fuel,833.68,0
C100039,Zara Ullah,Blue,20,1,20.07,2024-06-03,23,2,2024,3428,2323.92,694.85,10,0.6779,chip,Entertainment,455.71,1
C100040,Maryam Farooq,Blue,20,1,9.23,2024-02-05,6,1,2024,2726,1222.42,666.38,9,0.4484,chip,Education,235.44,0
C100041,Kiran Anjum,Blue,20,1,14.35,2024-05-13,20,2,2024,2973,1330.27,115.9,2,0.4475,chip,Shopping,222.91,0
C100042,Hafsa Nawaz,Blue,20,1,23.64,2024-09-30,40,4,2024,3764,164.68,243.51,4,0.0438,swipe,Entertainment,47.32,0
C100043,Noman Khan,Gold,150,1,114.61,2024-12-02,49,4,2024,15641,1243.75,10064.8,37,0.0795,chip,Travel,266.17,0
C100044,Zain Hashmi,Silver,50,1,67.03,2024-11-04,45,4,2024,6533,3080.35,1512.72,18,0.4715,chip,Shopping,617.2,1
C100045,Khalid Shah,Silver,50,1,37.07,2024-01-22,4,1,2024,7305,1971.48,1703.5,16,0.2699,chip,Healthcare,412.17,0
C100046,Ahmed Khan,Blue,20,1,25.34,2024-05-13,20,2,2024,3811,1310.63,458.3,8,0.3439,chip,Education,200.31,0
C100047,Leen Aziz,Blue,20,1,0.03,2024-12-16,51,4,2024,2563,1683.05,453.54,7,0.6567,chip,Bills,286.0,1
C100048,Asad Yousaf,Silver,50,1,34.73,2024-01-22,4,1,2024,7815,1743.89,1425.85,16,0.2231,online,Shopping,392.75,0
C100049,Ahmed Saleem,Silver,50,1,47.03,2024-12-02,49,4,2024,7401,2410.55,1209.38,10,0.3257,chip,Shopping,496.32,0
C100050,Sara Nazir,Gold,150,0,147.7,2024-04-29,18,2,2024,19324,5321.74,11148.8,30,0.2754,chip,Travel,916.72,0
C100051,Ateeq Butt,Gold,150,1,104.71,2024-07-29,31,3,2024,15341,3356.96,6797.84,36,0.2188,swipe,Utilities,672.44,0
C100052,Zain Aslam,Platinum,300,1,62.92,2024-04-22,17,2,2024,27143,4592.42,31166.18,60,0.1692,chip,Education,728.83,0
C100053,Bilal Qureshi,Blue,20,1,31.98,2024-06-17,25,2,2024,3076,580.34,411.36,7,0.1887,online,Grocery,162.66,0
C100054,Ibrahim Nawaz,Gold,150,1,169.8,2024-09-30,40,4,2024,13567,2097.63,4543.19,20,0.1546,online,Food,535.33,0
C100055,Khalid Butt,Silver,50,0,77.72,2024-01-15,3,1,2024,6171,2573.51,1690.08,13,0.417,chip,Fuel,750.35,0
C100056,Zara Iqbal,Gold,150,1,133.44,2024-07-15,29,3,2024,19488,6847.22,11102.85,39,0.3514,swipe,Utilities,1589.97,0
C100057,Leen Khan,Silver,50,1,23.17,2024-12-16,51,4,2024,7663,2759.46,6851.8,22,0.3601,swipe,Utilities,388.37,0
C100058,Aisha Batool,Platinum,300,1,148.79,2024-12-02,49,4,2024,27011,5093.46,14049.16,55,0.1886,chip,Entertainment,827.88,0
C100059,Sara Zafar,Silver,50,1,49.87,2024-03-04,10,1,2024,6608,363.63,1235.17,12,0.055,chip,Healthcare,108.91,0
C100060,Nadia Batool,Gold,150,1,243.52,2024-10-14,42,4,2024,11680,895.67,4116.53,19,0.0767,online,Healthcare,236.53,0
C100061,Mohammad Sheikh,Blue,20,1,46.66,2024-10-21,43,4,2024,2114,489.25,44.72,4,0.2314,swipe,Shopping,124.54,0
C100062,Latif Batool,Blue,20,1,28.93,2024-03-25,13,1,2024,2944,1440.05,180.6,3,0.4891,swipe,Grocery,257.64,1
C100063,Salma Zafar,Blue,20,0,38.53,2024-04-29,18,2,2024,3570,2993.51,356.76,6,0.8385,swipe,Entertainment,600.95,1
C100064,Yasir Malik,Blue,20,1,11.32,2024-08-26,35,3,2024,3839,1737.12,1403.94,12,0.4525,swipe,Grocery,389.31,0
C100065,Kiran Rashid,Gold,150,1,94.09,2024-07-22,30,3,2024,14448,1054.67,5186.74,21,0.073,chip,Travel,170.75,0
C100066,Mohammad Saleem,Gold,150,1,197.79,2024-02-19,8,1,2024,16580,7636.75,16230.33,36,0.4606,online,Utilities,1970.93,1
C100067,Noman Farooq,Blue,20,1,32.24,2024-02-26,9,1,2024,3020,2427.49,210.08,5,0.8038,online,Travel,351.96,0
C100068,Noman Aziz,Silver,50,0,62.15,2024-08-12,33,3,2024,7268,2425.6,1366.25,16,0.3337,swipe,Bills,508.34,0
C100069,Zubair Farooq,Platinum,300,1,320.78,2024-08-26,35,3,2024,42395,5484.9,74883.72,94,0.1294,online,Entertainment,1533.97,0
C100070,Ibrahim Abbasi,Gold,150,1,159.2,2024-04-29,18,2,2024,14321,4538.26,9554.51,31,0.3169,online,Education,1047.75,1
C100071,Yahya Qureshi,Blue,20,1,17.03,2024-09-30,40,4,2024,3166,1317.68,673.0,9,0.4162,chip,Travel,198.25,1
C100072,Nadia Khalil,Blue,20,1,34.95,2024-07-29,31,3,2024,4022,1599.59,337.18,8,0.3977,online,Shopping,346.76,0
C100073,Sara Hussain,Blue,20,1,41.04,2024-10-21,43,4,2024,2453,1003.15,253.44,6,0.4089,swipe,Food,175.47,0
C100074,Kiran Aslam,Silver,50,0,46.69,2024-05-27,22,2,2024,5188,3320.12,967.6,10,0.64,online,Healthcare,563.86,0
C100075,Mumtaz Naeem,Gold,150,1,89.41,2024-04-22,17,2,2024,13407,5576.65,7610.4,25,0.416,online,Healthcare,1309.79,0
C100076,Nadia Zafar,Gold,150,1,79.67,2024-03-25,13,1,2024,12889,5781.49,9579.07,33,0.4486,online,Travel,1049.69,0
C100077,Mumtaz Khan,Platinum,300,1,246.69,2024-12-02,49,4,2024,24411,19771.51,24136.67,37,0.8099,chip,Grocery,5376.84,0
C100078,Hussain Riaz,Silver,50,1,76.48,2024-07-08,28,3,2024,5694,1359.56,1015.17,12,0.2388,online,Utilities,338.29,0
C100079,Hamza Abbasi,Platinum,300,1,388.22,2024-07-29,31,3,2024,33550,12037.64,44095.82,58,0.3588,online,Grocery,3287.98,0
C100080,Mumtaz Hussain,Platinum,300,1,227.43,2024-11-25,48,4,2024,33464,7478.09,41684.29,62,0.2235,chip,Food,1174.93,0
C100081,Hafsa Rashid,Gold,150,1,131.97,2024-04-29,18,2,2024,21489,5912.79,39234.81,60,0.2752,chip,Education,1112.52,0
C100082,Kiran Rashid,Silver,50,1,42.74,2024-07-01,27,3,2024,7612,2590.89,2359.1,16,0.3404,chip,Fuel,372.92,0
C100083,Ali Abbasi,Gold,150,0,195.15,2024-02-19,8,1,2024,16131,376.33,8693.83,35,0.0233,swipe,Food,57.65,0
C100084,Kiran Batool,Platinum,300,1,362.19,2024-04-08,15,2,2024,36911,20567.52,61647.43,64,0.5572,chip,Fuel,4226.49,0
C100085,Hafsa Anjum,Gold,150,1,108.42,2024-12-16,51,4,2024,12924,5485.9,4797.12,21,0.4245,swipe,Grocery,1530.45,0
C100086,Kiran Naeem,Blue,20,1,38.49,2024-12-02,49,4,2024,2976,1928.93,289.37,4,0.6482,online,Grocery,481.64,0
C100087,Hamza Khan,Gold,150,1,54.8,2024-02-19,8,1,2024,14850,5933.46,6038.82,29,0.3996,online,Shopping,899.46,0
C100088,Imran Khalil,Blue,20,1,24.57,2024-09-23,39,3,2024,1488,228.03,50.13,5,0.1532,swipe,Entertainment,52.34,0
C100089,Mumtaz Abbasi,Silver,50,1,32.47,2024-10-28,44,4,2024,6966,583.42,1642.27,12,0.0838,online,Shopping,100.36,0
C100090,Hassan Javed,Platinum,300,1,389.94,2024-08-19,34,3,2024,34485,13358.81,47841.18,51,0.3874,swipe,Fuel,2041.47,0
C100091,Hamza Khan,Silver,50,1,52.29,2024-09-02,36,3,2024,8633,5630.99,4983.8,22,0.6523,chip,Shopping,985.84,0
C100092,Hamza Javed,Platinum,300,1,302.28,2024-05-20,21,2,2024,26612,12404.03,32720.42,57,0.4661,swipe,Food,1879.85,0
C100093,Yasir Ahmed,Blue,20,1,43.09,2024-10-07,41,4,2024,3451,1654.91,672.48,8,0.4795,chip,Education,473.27,0
C100094,Rana Farooq,Gold,150,1,145.58,2024-04-22,17,2,2024,13281,2738.74,5607.06,29,0.2062,online,Utilities,462.73,0
C100095,Rida Nawaz,Silver,50,1,49.49,2024-08-05,32,3,2024,5992,287.67,1998.47,11,0.048,swipe,Bills,70.5,0
C100096,Imran Javed,Blue,20,1,43.29,2024-04-08,15,2,2024,2930,410.3,195.13,4,0.14,online,Grocery,97.96,0
C100097,Omar Rashid,Blue,20,1,19.94,2024-10-28,44,4,2024,3986,729.27,771.11,9,0.183,swipe,Fuel,116.35,0
C100098,Zain Pervez,Blue,20,1,38.79,2024-04-01,14,2,2024,3041,2369.56,203.35,3,0.7792,online,Food,384.68,0
C100099,Hussain Javed,Blue,20,1,18.74,2024-05-27,22,2,2024,5350,897.69,1344.32,10,0.1678,swipe,Travel,214.42,0
C100100,Rana Anjum,Platinum,300,1,270.11,2024-08-26,35,3,2024,32554,5034.84,63060.17,70,0.1547,online,Education,1509.98,0
C100101,Fatima Javed,Platinum,300,1,350.51,2024-01-29,5,1,2024,32076,7023.8,46286.88,71,0.219,online,Education,1839.99,1
C100102,Fatima Malik,Blue,20,1,26.43,2024-06-03,23,2,2024,2017,317.04,135.9,3,0.1572,chip,Utilities,56.44,0
C100103,Sara Nazir,Silver,50,1,24.14,2024-09-23,39,3,2024,9328,3627.96,2028.87,11,0.3889,online,Education,786.07,0
C100104,Maryam Riaz,Silver,50,1,22.21,2024-10-14,42,4,2024,6512,2454.69,1296.19,14,0.3769,swipe,Food,367.33,0
C100105,Zain Abbasi,Blue,20,1,27.73,2024-12-02,49,4,2024,3313,1392.56,309.83,4,0.4203,chip,Travel,287.1,1
C100106,Zubair Ahmed,Blue,20,1,28.39,2024-12-16,51,4,2024,3618,1945.65,415.65,6,0.5378,swipe,Education,568.57,1
C100107,Bilal Sheikh,Gold,150,1,177.9,2024-08-19,34,3,2024,15191,2524.44,13601.73,38,0.1662,chip,Utilities,464.42,0
C100108,Rida Batool,Gold,150,1,105.84,2024-02-26,9,1,2024,12921,6651.75,8303.38,28,0.5148,swipe,Utilities,1161.92,0
C100109,Ibrahim Pervez,Blue,20,1,44.7,2024-06-03,23,2,2024,2412,1264.49,357.86,6,0.5242,swipe,Fuel,203.01,0
C100110,Latif Anjum,Silver,50,1,56.05,2024-07-22,30,3,2024,8656,1389.75,2254.22,18,0.1606,online,Bills,372.53,0
C100111,Latif Ahmed,Silver,50,1,54.68,2024-06-10,24,2,2024,5845,1505.49,801.08,16,0.2576,swipe,Entertainment,322.83,1
C100112,Bilal Batool,Gold,150,1,124.63,2024-01-08,2,1,2024,20839,7740.99,16783.22,57,0.3715,swipe,Entertainment,1514.23,0
C100113,Omar Siddiqui,Silver,50,1,71.83,2024-05-20,21,2,2024,5644,1190.89,1848.89,17,0.211,chip,Fuel,265.99,0
C100114,Rana Ahmed,Silver,50,1,35.02,2024-06-10,24,2,2024,8170,3634.45,3712.95,20,0.4449,swipe,Grocery,1053.68,0
C100115,Hamza Iqbal,Gold,150,1,31.86,2024-07-22,30,3,2024,11006,3318.01,5250.68,20,0.3015,swipe,Food,958.56,0
C100116,Zara Javed,Blue,20,0,28.81,2024-07-22,30,3,2024,3065,1175.62,421.07,7,0.3836,swipe,Food,189.51,0
C100117,Mumtaz Farooq,Silver,50,1,44.0,2024-07-01,27,3,2024,10697,3239.64,1990.21,25,0.3029,swipe,Education,523.61,0
C100118,Fatima Rashid,Blue,20,1,36.36,2024-05-27,22,2,2024,3045,440.38,334.95,6,0.1446,online,Education,94.05,0
C100119,Tariq Naeem,Blue,20,1,25.95,2024-10-07,41,4,2024,3118,1381.49,243.03,4,0.4431,chip,Bills,329.4,0
C100120,Bilal Pervez,Platinum,300,1,101.51,2024-02-26,9,1,2024,36646,8938.42,34498.84,74,0.2439,swipe,Travel,2351.6,0
C100121,Yahya Shah,Gold,150,1,111.63,2024-09-02,36,3,2024,14910,6062.41,9257.74,29,0.4066,online,Utilities,1082.7,0
C100122,Sara Aslam,Blue,20,1,36.95,2024-03-04,10,1,2024,2987,2125.35,166.68,4,0.7115,chip,Entertainment,431.69,0
C100123,Sara Zafar,Platinum,300,1,229.07,2024-01-01,1,1,2024,40298,17041.82,77542.6,89,0.4229,online,Entertainment,3644.16,0
C100124,Rida Batool,Silver,50,1,74.29,2024-09-30,40,4,2024,9115,941.46,3924.42,25,0.1033,online,Shopping,234.27,0
C100125,Mumtaz Aslam,Silver,50,1,53.69,2024-04-01,14,2,2024,6452,3388.71,438.65,6,0.5252,swipe,Utilities,568.82,0
C100126,Bilal Riaz,Gold,150,1,86.02,2024-08-26,35,3,2024,15847,1957.24,15726.28,36,0.1235,swipe,Healthcare,516.6,0
C100127,Sara Siddiqui,Platinum,300,1,466.5,2024-10-28,44,4,2024,33191,14466.33,51830.14,74,0.4359,online,Grocery,2321.78,0
C100128,Latif Anjum,Silver,50,1,45.79,2024-03-11,11,1,2024,7835,2636.44,752.76,12,0.3365,online,Travel,452.4,1
C100129,Khalid Zafar,Gold,150,1,159.16,2024-02-05,6,1,2024,15922,2083.53,8905.94,28,0.1309,online,Bills,550.53,0
C100130,Zara Mir,Gold,150,1,144.14,2024-09-30,40,4,2024,11883,3905.02,7559.08,33,0.3286,chip,Fuel,1071.98,1
C100131,Yahya Qureshi,Gold,150,1,201.71,2024-02-19,8,1,2024,15926,5398.55,8828.57,33,0.339,swipe,Grocery,894.06,0
C100132,Maryam Saleem,Blue,20,1,29.76,2024-01-29,5,1,2024,2799,320.72,504.29,6,0.1146,online,Shopping,73.34,0
C100133,Sara Qureshi,Silver,50,1,27.87,2024-04-01,14,2,2024,4825,369.79,851.99,12,0.0766,chip,Travel,86.09,0
C100134,Nadia Nazir,Gold,150,1,210.56,2024-10-21,43,4,2024,20583,3491.32,16791.24,43,0.1696,chip,Utilities,675.49,0
C100135,Khalid Farooq,Blue,20,1,41.46,2024-08-26,35,3,2024,3557,1118.97,380.15,6,0.3146,online,Bills,297.32,1
C100136,Latif Nawaz,Platinum,300,1,154.06,2024-08-05,32,3,2024,28414,8416.48,66920.83,65,0.2962,swipe,Entertainment,1210.88,0
C100137,Maryam Rashid,Platinum,300,1,327.14,2024-02-19,8,1,2024,26305,4758.45,34057.99,53,0.1809,chip,Healthcare,1033.89,0
C100138,Kiran Sheikh,Platinum,300,1,427.23,2024-12-02,49,4,2024,29807,3368.05,31435.81,58,0.113,online,Entertainment,987.04,1
C100139,Fatima Ullah,Gold,150,1,77.16,2024-05-20,21,2,2024,12070,2272.79,5510.64,20,0.1883,chip,Fuel,368.83,0
C100140,Bilal Mir,Blue,20,1,40.61,2024-12-02,49,4,2024,1060,496.49,45.61,2,0.4684,swipe,Travel,90.18,0
C100141,Ahmed Sheikh,Gold,150,1,59.79,2024-07-01,27,3,2024,17382,718.17,11196.96,29,0.0413,swipe,Travel,126.43,0
C100142,Yahya Zafar,Gold,150,1,98.42,2024-03-04,10,1,2024,16898,3111.32,11204.92,35,0.1841,swipe,Shopping,676.87,0
C100143,Ibrahim Pervez,Blue,20,1,40.85,2024-09-02,36,3,2024,3349,1212.74,346.01,7,0.3621,online,Shopping,209.54,0
C100144,Imran Ahmed,Blue,20,0,36.14,2024-12-09,50,4,2024,2711,330.04,261.67,4,0.1217,swipe,Healthcare,89.62,0
C100145,Zubair Nawaz,Blue,20,1,23.18,2024-05-13,20,2,2024,4047,2316.62,1218.24,11,0.5724,swipe,Grocery,688.88,0
C100146,Khalid Yousaf,Silver,50,1,41.93,2024-07-08,28,3,2024,6497,1089.26,2481.07,15,0.1677,chip,Utilities,324.01,0
C100147,Salma Saleem,Platinum,300,1,393.23,2024-11-04,45,4,2024,38041,19113.56,54488.72,74,0.5024,chip,Grocery,4912.94,0
C100148,Imran Ullah,Gold,150,1,105.82,2024-02-26,9,1,2024,16015,7622.33,10666.05,38,0.4759,chip,Food,1669.85,0
C100149,Maryam Siddiqui,Blue,20,1,41.91,2024-09-30,40,4,2024,2601,1833.37,161.73,4,0.7049,chip,Healthcare,360.04,0
C100150,Mumtaz Iqbal,Silver,50,1,74.5,2024-07-29,31,3,2024,6845,1157.69,1330.94,9,0.1691,swipe,Grocery,281.16,0
C100151,Salma Iqbal,Platinum,300,1,443.89,2024-12-16,51,4,2024,30884,8379.47,40801.39,57,0.2713,online,Utilities,1522.1,0
C100152,Hafsa Riaz,Silver,50,0,63.01,2024-07-01,27,3,2024,7409,1621.21,839.75,15,0.2188,swipe,Shopping,255.69,1
C100153,Ibrahim Rashid,Platinum,300,0,240.95,2024-08-19,34,3,2024,26252,9089.26,27327.71,48,0.3462,chip,Utilities,2329.28,0
C100154,Tariq Khan,Blue,20,1,23.68,2024-03-04,10,1,2024,3710,2880.88,422.89,6,0.7765,swipe,Utilities,745.89,1
C100155,Zubair Rashid,Silver,50,1,67.98,2024-04-29,18,2,2024,7642,2465.89,2612.45,16,0.3227,online,Travel,550.96,0
C100156,Tariq Khan,Blue,20,0,32.86,2024-03-04,10,1,2024,2258,727.84,191.82,7,0.3223,swipe,Entertainment,172.6,0
C100157,Ali Batool,Platinum,300,1,424.96,2024-07-01,27,3,2024,38552,5229.23,48181.31,82,0.1356,chip,Fuel,1262.63,0
C100158,Omar Javed,Blue,20,1,28.73,2024-09-23,39,3,2024,3488,1556.07,210.03,4,0.4461,chip,Grocery,219.22,0
C100159,Asad Shah,Silver,50,1,71.69,2024-04-22,17,2,2024,5995,1314.56,1409.14,13,0.2193,swipe,Food,256.65,0
C100160,Noman Sheikh,Silver,50,0,71.52,2024-01-29,5,1,2024,5872,343.73,1266.24,12,0.0585,online,Healthcare,81.56,0
C100161,Zain Siddiqui,Gold,150,1,164.22,2024-02-05,6,1,2024,14455,2811.1,4340.62,17,0.1945,online,Fuel,559.55,0
C100162,Hussain Javed,Gold,150,1,109.87,2024-12-30,1,4,2024,12326,1343.87,5203.11,29,0.109,online,Healthcare,315.79,0
C100163,Noman Sheikh,Silver,50,1,54.13,2024-02-19,8,1,2024,8735,1401.51,4822.31,23,0.1604,swipe,Grocery,305.19,0
C100164,Zubair Hashmi,Platinum,300,1,195.13,2024-04-22,17,2,2024,28543,3403.85,32665.34,47,0.1193,online,Shopping,843.05,0
C100165,Rehan Iqbal,Gold,150,1,74.7,2024-06-03,23,2,2024,17536,6172.51,11271.93,41,0.352,swipe,Entertainment,1439.13,0
C100166,Sara Batool,Platinum,300,1,380.43,2024-02-12,7,1,2024,35675,10439.56,26851.5,77,0.2926,chip,Healthcare,2540.27,1
C100167,Asad Naeem,Blue,20,1,13.05,2024-10-14,42,4,2024,2655,315.68,225.57,4,0.1189,swipe,Shopping,68.72,0
C100168,Sara Nawaz,Platinum,300,0,250.55,2024-07-29,31,3,2024,26765,6806.66,28758.32,73,0.2543,swipe,Food,1933.18,0
C100169,Tariq Sheikh,Silver,50,1,63.94,2024-04-15,16,2,2024,9397,2645.66,3389.66,20,0.2815,chip,Education,604.78,0
C100170,Zain Nawaz,Gold,150,1,195.5,2024-05-20,21,2,2024,8883,1352.02,3490.76,22,0.1522,swipe,Utilities,398.34,0
C100171,Zubair Abbasi,Gold,150,1,24.99,2024-11-25,48,4,2024,13583,1655.46,11837.67,28,0.1219,swipe,Food,396.16,0
C100172,Ibrahim Khan,Blue,20,1,24.63,2024-06-03,23,2,2024,3719,1212.06,431.16,9,0.3259,online,Shopping,198.54,1
C100173,Sara Yousaf,Gold,150,1,138.1,2024-11-18,47,4,2024,13891,5356.02,5465.89,27,0.3856,chip,Grocery,1187.99,0
C100174,Sana Aslam,Silver,50,1,104.32,2024-07-08,28,3,2024,5912,3016.16,1288.39,11,0.5102,online,Shopping,634.19,0
C100175,Kiran Nazir,Blue,20,1,37.12,2024-03-18,12,1,2024,2878,854.09,67.4,5,0.2968,swipe,Food,148.37,0
C100176,Ibrahim Farooq,Gold,150,1,94.29,2024-08-12,33,3,2024,13405,5415.92,7191.05,20,0.404,online,Entertainment,1180.78,1
C100177,Rohail Anjum,Blue,20,1,28.04,2024-12-09,50,4,2024,3856,1785.07,378.25,6,0.4629,swipe,Fuel,451.86,0
C100178,Maryam Hussain,Blue,20,0,10.71,2024-01-29,5,1,2024,2346,799.65,175.18,6,0.3409,chip,Utilities,194.84,0
C100179,Sana Abbasi,Blue,20,1,6.23,2024-06-10,24,2,2024,3221,1152.99,445.61,8,0.358,chip,Food,186.11,0
C100180,Leen Butt,Blue,20,1,23.71,2024-04-22,17,2,2024,1584,611.43,59.6,2,0.386,swipe,Bills,85.97,0
C100181,Farah Ahmed,Silver,50,1,66.5,2024-08-05,32,3,2024,7232,731.8,1084.98,12,0.1012,chip,Education,153.25,0
C100182,Zara Yousaf,Silver,50,1,45.47,2024-11-18,47,4,2024,6004,2430.6,2968.83,21,0.4048,online,Entertainment,405.21,1
C100183,Ateeq Zafar,Blue,20,0,41.58,2024-08-19,34,3,2024,3740,2182.53,831.26,8,0.5836,swipe,Shopping,434.31,1
C100184,Zain Qureshi,Silver,50,1,39.84,2024-02-05,6,1,2024,3555,328.22,795.73,11,0.0923,online,Entertainment,83.41,0
C100185,Bilal Zafar,Gold,150,1,129.23,2024-11-18,47,4,2024,10893,3305.11,2943.32,19,0.3034,chip,Bills,676.51,0
C100186,Farah Nawaz,Gold,150,1,235.81,2024-03-11,11,1,2024,12016,5036.13,8752.12,37,0.4191,chip,Grocery,806.22,1
C100187,Yasir Butt,Gold,150,1,108.59,2024-11-25,48,4,2024,19642,5162.67,16530.32,35,0.2628,chip,Travel,970.42,0
C100188,Rana Farooq,Gold,150,1,127.91,2024-08-12,33,3,2024,10597,6470.22,5945.86,27,0.6106,swipe,Fuel,973.84,0
C100189,Salma Zafar,Platinum,300,1,175.69,2024-03-18,12,1,2024,23445,5981.98,15807.32,47,0.2551,online,Grocery,909.84,0
C100190,Maryam Naeem,Blue,20,1,14.88,2024-09-16,38,3,2024,3184,2419.9,289.47,5,0.76,chip,Entertainment,694.02,1
C100191,Ahmed Hussain,Silver,50,1,44.74,2024-11-25,48,4,2024,8272,3525.29,1647.62,22,0.4262,chip,Fuel,876.88,0
C100192,Nadia Farooq,Silver,50,0,46.2,2024-01-22,4,1,2024,7277,4133.31,1594.12,18,0.568,online,Fuel,611.72,0
C100193,Zara Nazir,Silver,50,1,58.96,2024-01-29,5,1,2024,5151,1285.15,803.81,8,0.2495,online,Grocery,213.16,0
C100194,Hamza Khalil,Blue,20,1,51.65,2024-01-15,3,1,2024,3015,1211.5,326.56,7,0.4018,chip,Education,252.71,0
C100195,Noman Shah,Gold,150,1,119.05,2024-05-20,21,2,2024,17142,1608.67,9875.17,37,0.0938,online,Healthcare,419.35,0
C100196,Tariq Hussain,Gold,150,1,30.41,2024-01-29,5,1,2024,18963,9200.5,14717.13,44,0.4852,online,Grocery,1437.93,0
C100197,Nadia Sheikh,Blue,20,1,11.68,2024-11-04,45,4,2024,2521,742.03,52.46,1,0.2943,chip,Shopping,172.76,1
C100198,Sara Ullah,Blue,20,0,49.41,2024-12-23,52,4,2024,3467,1975.99,652.72,10,0.5699,swipe,Healthcare,540.89,1
C100199,Hassan Sheikh,Silver,50,1,74.72,2024-06-17,25,2,2024,7298,1829.0,1410.55,18,0.2506,chip,Bills,540.82,1
C100200,Leen Shah,Silver,50,1,35.37,2024-04-01,14,2,2024,3162,388.24,103.72,2,0.1228,chip,Shopping,74.56,0
C100201,Rana Rashid,Blue,20,1,40.36,2024-02-05,6,1,2024,3906,1465.45,782.99,10,0.3752,online,Grocery,267.37,0
C100202,Mumtaz Pervez,Gold,150,1,43.75,2024-12-02,49,4,2024,15315,1599.69,12541.03,34,0.1045,online,Fuel,402.41,0
C100203,Nadia Malik,Blue,20,1,26.15,2024-11-11,46,4,2024,2853,1509.26,766.33,8,0.529,chip,Education,250.67,1
C100204,Asad Batool,Gold,150,0,153.39,2024-11-04,45,4,2024,17006,3677.09,10190.14,32,0.2162,online,Education,545.19,0
C100205,Hafsa Sheikh,Platinum,300,1,431.92,2024-04-08,15,2,2024,39237,20782.72,73938.6,90,0.5297,online,Fuel,5807.24,0
C100206,Imran Abbasi,Blue,20,1,42.72,2024-09-23,39,3,2024,2309,1192.8,251.75,5,0.5166,online,Travel,285.56,0
C100207,Tariq Malik,Platinum,300,1,371.77,2024-09-02,36,3,2024,22287,12168.62,13421.7,43,0.546,online,Bills,2431.62,0
C100208,Noman Riaz,Blue,20,1,31.92,2024-03-18,12,1,2024,3988,2106.22,660.76,7,0.5281,online,Education,333.05,0
C100209,Sara Pervez,Silver,50,0,80.27,2024-04-22,17,2,2024,7116,506.27,1707.91,17,0.0711,online,Shopping,94.16,0
C100210,Sara Hussain,Silver,50,1,54.15,2024-07-15,29,3,2024,4825,1770.13,721.45,6,0.3669,chip,Shopping,420.58,1
C100211,Zara Ullah,Blue,20,1,16.53,2024-06-17,25,2,2024,2081,592.26,124.16,4,0.2846,chip,Travel,84.38,1
C100212,Naveed Khalil,Gold,150,1,46.51,2024-08-26,35,3,2024,18508,5461.55,17575.34,36,0.2951,online,Fuel,1563.79,1
C100213,Hassan Khan,Blue,20,1,10.73,2024-10-07,41,4,2024,2887,1446.37,129.79,2,0.501,swipe,Fuel,248.61,0
C100214,Ali Abbasi,Blue,20,1,34.31,2024-01-22,4,1,2024,2221,423.06,45.41,1,0.1905,chip,Healthcare,100.3,0
C100215,Salma Farooq,Blue,20,1,23.04,2024-09-09,37,3,2024,2427,1364.01,623.9,11,0.562,swipe,Bills,386.36,1
C100216,Rohail Yousaf,Blue,20,1,43.28,2024-08-05,32,3,2024,3227,2002.84,549.7,8,0.6207,chip,Fuel,577.49,1
C100217,Kiran Iqbal,Blue,20,1,33.02,2024-09-23,39,3,2024,3003,1531.96,243.45,4,0.5101,online,Grocery,290.41,0
C100218,Mumtaz Shah,Gold,150,1,124.78,2024-01-08,2,1,2024,15989,2556.98,6928.92,32,0.1599,online,Education,491.65,1
C100219,Nadia Nawaz,Blue,20,1,31.03,2024-01-29,5,1,2024,2796,1267.5,158.72,6,0.4533,online,Utilities,301.27,0
C100220,Zain Abbasi,Silver,50,1,59.47,2024-03-04,10,1,2024,7910,1669.12,1253.46,11,0.211,chip,Shopping,255.99,0
C100221,Omar Pervez,Gold,150,1,106.51,2024-12-16,51,4,2024,20233,2828.66,17280.6,38,0.1398,online,Travel,830.43,0
C100222,Aisha Khalil,Gold,150,1,169.03,2024-05-27,22,2,2024,13305,4290.98,12967.61,25,0.3225,chip,Food,1198.4,0
C100223,Ahmed Zafar,Platinum,300,1,304.89,2024-09-30,40,4,2024,20919,4794.14,20385.37,33,0.2292,online,Entertainment,1358.22,1
C100224,Yasir Sheikh,Silver,50,1,50.76,2024-11-25,48,4,2024,7976,1468.3,2126.25,15,0.1841,online,Entertainment,375.52,1
C100225,Asad Iqbal,Platinum,300,1,374.45,2024-07-15,29,3,2024,35867,20677.85,50726.68,71,0.5765,online,Travel,5553.37,0
C100226,Rana Nawaz,Platinum,300,1,245.72,2024-02-12,7,1,2024,29555,9607.17,31070.75,57,0.3251,swipe,Healthcare,2204.36,1
C100227,Tariq Pervez,Blue,20,1,17.07,2024-02-19,8,1,2024,4076,531.05,592.63,8,0.1303,chip,Shopping,139.48,0
C100228,Maryam Farooq,Gold,150,1,187.04,2024-12-16,51,4,2024,19539,3354.89,15719.57,44,0.1717,online,Shopping,574.34,0
C100229,Farah Nazir,Platinum,300,1,279.66,2024-01-29,5,1,2024,34885,9006.5,81091.1,83,0.2582,chip,Healthcare,1943.85,0
C100230,Noor Khan,Blue,20,1,18.15,2024-08-12,33,3,2024,3887,811.66,693.52,7,0.2088,chip,Travel,148.95,1
C100231,Asad Nawaz,Silver,50,1,28.16,2024-11-04,45,4,2024,8545,1818.64,4302.31,25,0.2128,chip,Education,331.61,0
C100232,Asad Farooq,Gold,150,1,170.14,2024-09-23,39,3,2024,17103,7522.42,12976.89,39,0.4398,online,Healthcare,1855.75,0
C100233,Ibrahim Qureshi,Platinum,300,1,317.91,2024-04-01,14,2,2024,19046,7427.03,17383.19,47,0.39,online,Bills,2226.79,0
C100234,Zubair Anjum,Blue,20,1,43.94,2024-08-12,33,3,2024,3100,1862.36,294.8,6,0.6008,chip,Fuel,329.87,1
C100235,Rana Rashid,Blue,20,1,46.02,2024-08-19,34,3,2024,3512,1899.81,713.18,10,0.5409,chip,Education,369.9,0
C100236,Zara Batool,Blue,20,1,12.35,2024-09-30,40,4,2024,3127,1682.09,838.08,10,0.5379,online,Entertainment,406.65,0
C100237,Omar Naeem,Silver,50,1,25.88,2024-04-08,15,2,2024,8301,1738.51,3941.73,19,0.2094,chip,Utilities,466.7,0
C100238,Ateeq Nawaz,Silver,50,1,50.87,2024-10-07,41,4,2024,8280,858.63,3128.61,16,0.1037,chip,Fuel,168.97,0
C100239,Aisha Sheikh,Silver,50,1,33.85,2024-09-02,36,3,2024,8147,1386.49,3673.12,22,0.1702,swipe,Healthcare,372.17,0
C100240,Kiran Ahmed,Blue,20,1,33.04,2024-02-05,6,1,2024,2356,1014.31,238.82,4,0.4305,online,Education,176.21,0
C100241,Farah Malik,Platinum,300,1,232.32,2024-11-18,47,4,2024,24773,10489.91,12846.79,44,0.4234,swipe,Travel,2016.17,0
C100242,Hussain Iqbal,Silver,50,1,29.7,2024-03-04,10,1,2024,6305,555.26,984.6,8,0.0881,swipe,Travel,108.18,0
C100243,Noor Zafar,Platinum,300,1,246.86,2024-09-16,38,3,2024,26098,11682.97,18675.07,48,0.4477,online,Grocery,2147.13,1
C100244,Zubair Javed,Blue,20,1,19.84,2024-09-30,40,3,2024,3014,1778.41,323.89,5,0.59,chip,Bills,402.07,0
C100245,Rida Yousaf,Blue,20,1,26.65,2024-11-04,45,4,2024,3294,868.62,886.57,9,0.2637,online,Fuel,189.65,1
C100246,Ateeq Ahmed,Blue,20,1,15.2,2024-10-21,43,4,2024,1995,320.7,169.54,4,0.1608,online,Utilities,92.47,0
C100247,Sara Nazir,Gold,150,1,123.24,2024-11-11,46,4,2024,13708,4474.34,5887.13,21,0.3264,swipe,Entertainment,751.78,0
C100248,Maryam Siddiqui,Blue,20,1,16.77,2024-07-22,30,3,2024,3155,1605.1,308.52,4,0.5087,online,Education,314.91,1
C100249,Fatima Butt,Silver,50,1,49.38,2024-04-08,15,2,2024,7687,1329.33,2246.0,22,0.1729,online,Fuel,347.88,0
C100250,Zara Hashmi,Platinum,300,1,245.53,2024-07-22,30,3,2024,36229,7215.41,42129.82,71,0.1992,chip,Shopping,2061.42,0
C100251,Zain Zafar,Blue,20,1,36.1,2024-08-12,33,3,2024,1295,355.19,51.76,1,0.2743,chip,Travel,75.25,1
C100252,Yahya Aslam,Platinum,300,1,193.02,2024-03-18,12,1,2024,32011,2087.93,43529.81,67,0.0652,online,Fuel,550.47,0
C100253,Yasir Abbasi,Blue,20,0,39.05,2024-08-26,35,3,2024,2508,1954.69,146.67,4,0.7794,online,Entertainment,574.36,1
C100254,Hassan Aslam,Silver,50,0,60.11,2024-04-15,16,2,2024,5192,3127.87,718.17,8,0.6024,swipe,Shopping,920.02,1
C100255,Yahya Siddiqui,Silver,50,1,67.52,2024-12-09,50,4,2024,8432,2066.44,2609.8,15,0.2451,online,Entertainment,309.74,0
C100256,Zain Iqbal,Blue,20,1,16.86,2024-07-01,27,3,2024,2076,1157.04,286.44,6,0.5573,online,Shopping,163.26,1
C100257,Fatima Yousaf,Silver,50,1,62.71,2024-05-27,22,2,2024,8048,3636.15,1669.42,15,0.4518,chip,Healthcare,708.09,0
C100258,Zubair Javed,Gold,150,1,178.71,2024-11-04,45,4,2024,13174,3123.93,3403.5,19,0.2371,chip,Travel,519.52,0
C100259,Rehan Nawaz,Gold,150,1,125.9,2024-07-01,27,3,2024,10125,4285.46,4611.44,27,0.4233,chip,Utilities,1215.96,0
C100260,Rehan Shah,Blue,20,1,10.14,2024-12-30,1,4,2024,4017,1634.73,374.73,5,0.407,online,Education,273.99,0
C100261,Sara Nazir,Platinum,300,1,75.57,2024-11-04,45,4,2024,44565,16808.79,109180.9,108,0.3772,online,Travel,4004.45,0
C100262,Salma Hashmi,Gold,150,1,143.33,2024-09-16,38,3,2024,20663,7143.76,9743.81,39,0.3457,swipe,Bills,1239.08,0
C100263,Kiran Sheikh,Silver,50,1,48.63,2024-06-17,25,2,2024,6222,702.56,1077.49,12,0.1129,swipe,Grocery,132.45,0
C100264,Rida Sheikh,Gold,150,1,129.14,2024-12-16,51,4,2024,18461,2944.69,9523.7,37,0.1595,swipe,Food,749.01,0
C100265,Khalid Mir,Gold,150,1,113.53,2024-10-21,43,4,2024,15159,4113.33,5896.28,23,0.2713,chip,Food,1124.51,0
C100266,Noor Shah,Gold,150,1,140.42,2024-07-08,28,3,2024,8850,882.1,3520.39,16,0.0997,chip,Utilities,179.28,1
C100267,Ali Rashid,Blue,20,1,25.48,2024-03-18,12,1,2024,4029,1236.08,557.37,6,0.3068,online,Utilities,354.29,0
C100268,Salma Ullah,Silver,50,1,77.41,2024-01-29,5,1,2024,6616,1641.96,2798.58,12,0.2482,swipe,Travel,448.7,0
C100269,Zubair Zafar,Platinum,300,1,370.05,2024-07-08,28,3,2024,33871,5113.98,44988.48,66,0.151,online,Travel,1184.84,0
C100270,Mumtaz Zafar,Silver,50,1,45.49,2024-12-09,50,4,2024,3003,337.24,72.07,1,0.1123,swipe,Entertainment,68.81,0
C100271,Yasir Qureshi,Blue,20,1,21.52,2024-05-27,22,2,2024,3466,2972.47,339.12,5,0.8576,online,Utilities,497.44,0
C100272,Rana Zafar,Silver,50,1,79.92,2024-05-20,21,2,2024,8891,1421.73,3285.83,24,0.1599,online,Grocery,252.23,0
C100273,Mumtaz Aslam,Platinum,300,1,299.12,2024-06-24,26,2,2024,41587,20116.95,54040.18,100,0.4837,chip,Entertainment,3802.69,1
C100274,Hassan Nawaz,Platinum,300,1,259.68,2024-09-02,36,3,2024,30217,8197.84,22668.78,58,0.2713,chip,Utilities,1868.94,0
C100275,Ibrahim Ullah,Silver,50,1,48.02,2024-02-19,8,1,2024,6598,708.46,1102.13,10,0.1074,swipe,Fuel,155.02,0
C100276,Fatima Batool,Platinum,300,1,56.78,2024-04-29,18,2,2024,24574,3391.98,19924.92,47,0.138,chip,Grocery,620.42,0
C100277,Naveed Anjum,Gold,150,1,64.59,2024-10-07,41,4,2024,16367,2739.66,6527.25,36,0.1674,chip,Healthcare,771.96,0
C100278,Naveed Siddiqui,Gold,150,1,105.0,2024-05-27,22,2,2024,11586,875.79,5653.56,19,0.0756,online,Entertainment,144.51,0
C100279,Hassan Mir,Silver,50,1,34.4,2024-01-15,3,1,2024,7783,4401.65,4234.04,18,0.5655,chip,Healthcare,905.82,0
C100280,Omar Ullah,Platinum,300,0,66.39,2024-07-22,30,3,2024,17218,8717.1,11037.56,35,0.5063,online,Travel,1573.3,0
C100281,Yahya Saleem,Blue,20,1,40.8,2024-11-04,45,4,2024,2458,997.06,340.7,7,0.4056,chip,Shopping,174.48,0
C100282,Mumtaz Shah,Silver,50,0,71.46,2024-09-09,37,3,2024,5025,2624.77,842.15,8,0.5223,online,Entertainment,440.81,1
C100283,Ali Zafar,Blue,20,1,42.09,2024-05-06,19,2,2024,4529,3288.75,326.23,7,0.7262,swipe,Travel,614.79,1
C100284,Hamza Naeem,Blue,20,1,52.82,2024-04-08,15,2,2024,2776,375.22,306.79,6,0.1352,chip,Fuel,96.28,0
C100285,Rehan Pervez,Silver,50,1,73.3,2024-07-22,30,3,2024,9602,2226.7,2343.2,20,0.2319,swipe,Grocery,311.75,0
C100286,Hussain Siddiqui,Blue,20,1,19.0,2024-05-13,20,2,2024,3576,1308.0,583.08,6,0.3658,online,Utilities,202.99,0
C100287,Ibrahim Zafar,Blue,20,1,22.47,2024-01-01,1,1,2024,4202,387.61,1065.33,13,0.0922,online,Shopping,100.99,0
C100288,Fatima Batool,Blue,20,1,30.0,2024-07-22,30,3,2024,3562,656.39,475.45,4,0.1843,swipe,Bills,103.24,0
C100289,Maryam Khalil,Blue,20,1,60.66,2024-05-27,22,2,2024,2807,392.14,97.03,2,0.1397,online,Fuel,57.51,0
C100290,Hussain Siddiqui,Blue,20,1,53.65,2024-11-04,45,4,2024,1983,183.08,286.52,6,0.0923,online,Healthcare,36.14,0
C100291,Naveed Abbasi,Silver,50,1,42.52,2024-04-15,16,2,2024,5619,682.06,1789.69,14,0.1214,chip,Fuel,197.5,0
C100292,Hassan Shah,Silver,50,1,39.61,2024-02-05,6,1,2024,9385,877.38,2953.35,17,0.0935,swipe,Grocery,139.0,1
C100293,Zubair Saleem,Silver,50,1,45.73,2024-03-11,11,1,2024,5971,788.11,2115.79,11,0.132,chip,Shopping,170.54,0
C100294,Latif Anjum,Gold,150,1,189.64,2024-09-02,36,3,2024,15393,2872.53,12417.56,29,0.1866,chip,Bills,656.02,0
C100295,Fatima Farooq,Blue,20,1,41.95,2024-10-14,42,4,2024,3541,1510.61,595.99,8,0.4266,chip,Bills,394.0,0
C100296,Maryam Hashmi,Blue,20,1,44.43,2024-01-01,1,1,2024,3138,516.03,513.95,7,0.1644,swipe,Utilities,149.52,0
C100297,Ahmed Iqbal,Blue,20,1,27.33,2024-01-29,5,1,2024,974,283.76,53.68,2,0.2913,chip,Education,42.2,1
C100298,Sara Butt,Gold,150,1,160.36,2024-11-25,48,4,2024,12503,2812.21,5498.98,23,0.2249,online,Shopping,753.57,0
C100299,Nadia Farooq,Platinum,300,1,376.92,2024-07-08,28,3,2024,38458,11803.24,50016.76,80,0.3069,chip,Bills,2834.01,1
C100300,Farah Anjum,Blue,20,1,14.54,2024-09-23,39,3,2024,3711,1328.69,390.71,6,0.358,chip,Utilities,270.58,0
C100301,Ateeq Sheikh,Silver,50,1,8.59,2024-08-05,32,3,2024,5117,525.1,1397.72,9,0.1026,swipe,Healthcare,147.28,0
C100302,Hafsa Farooq,Blue,20,1,36.56,2024-02-26,9,1,2024,2412,1272.1,64.55,1,0.5274,chip,Healthcare,203.93,0
C100303,Ateeq Qureshi,Blue,20,1,30.63,2024-01-15,3,1,2024,2825,701.72,219.62,6,0.2484,online,Fuel,153.22,0
C100304,Fatima Qureshi,Gold,150,1,102.66,2024-04-29,18,2,2024,19159,10402.25,16224.99,35,0.5429,swipe,Utilities,1754.29,0
C100305,Fatima Malik,Silver,50,1,62.41,2024-10-21,43,4,2024,6150,564.7,1743.57,13,0.0918,online,Fuel,115.14,0
C100306,Zara Qureshi,Blue,20,1,33.88,2024-12-02,49,4,2024,3040,2490.94,474.55,9,0.8194,swipe,Utilities,745.9,1
C100307,Ibrahim Hussain,Silver,50,1,57.97,2024-03-25,13,1,2024,8656,2144.41,2646.98,16,0.2477,swipe,Healthcare,497.71,0
C100308,Fatima Nawaz,Platinum,300,1,239.66,2024-09-23,39,3,2024,22640,2163.89,15840.97,46,0.0956,online,Healthcare,393.36,0
C100309,Maryam Aslam,Blue,20,1,37.38,2024-04-29,18,2,2024,2500,610.08,459.2,5,0.244,chip,Entertainment,87.75,0
C100310,Sara Naeem,Silver,50,1,62.81,2024-07-29,31,3,2024,6951,874.35,1483.01,10,0.1258,online,Bills,149.87,0
C100311,Nadia Qureshi,Blue,20,1,41.23,2024-02-05,6,1,2024,991,273.61,94.78,5,0.2761,online,Shopping,64.05,1
C100312,Yasir Hussain,Blue,20,1,53.04,2024-11-04,45,4,2024,2147,364.36,30.13,1,0.1697,chip,Grocery,51.82,0
C100313,Rida Hashmi,Gold,150,1,184.17,2024-04-15,16,2,2024,10310,5135.2,9272.72,27,0.4981,online,Entertainment,759.37,0
C100314,Mohammad Rashid,Platinum,300,0,283.61,2024-02-26,9,1,2024,37049,8225.32,62132.63,68,0.222,swipe,Education,1692.02,0
C100315,Tariq Khalil,Blue,20,1,36.72,2024-10-07,41,4,2024,3628,833.86,534.21,10,0.2298,online,Entertainment,170.82,0
C100316,Mumtaz Mir,Silver,50,1,33.33,2024-09-16,38,3,2024,8146,1371.89,1589.21,15,0.1684,online,Education,261.63,1
C100317,Naveed Abbasi,Gold,150,1,132.42,2024-07-08,28,3,2024,14894,4680.32,8656.05,26,0.3142,online,Healthcare,903.58,1
C100318,Bilal Hashmi,Blue,20,1,56.65,2024-10-21,43,4,2024,3113,1012.57,305.95,5,0.3253,swipe,Healthcare,192.46,0
C100319,Yasir Zafar,Blue,20,1,42.35,2024-04-29,18,2,2024,3472,1820.53,480.8,6,0.5243,online,Bills,464.71,0
C100320,Hamza Javed,Gold,150,1,239.29,2024-11-18,47,4,2024,18687,6399.23,15923.29,37,0.3424,swipe,Education,1267.54,0
C100321,Farah Butt,Blue,20,1,34.34,2024-04-01,14,2,2024,3749,664.49,695.05,7,0.1772,swipe,Food,131.0,0
C100322,Aisha Pervez,Gold,150,1,133.49,2024-07-29,31,3,2024,15118,8591.36,6084.92,29,0.5683,chip,Utilities,1773.46,1
C100323,Sara Khan,Blue,20,1,46.79,2024-01-29,5,1,2024,2550,1402.1,233.57,5,0.5498,swipe,Fuel,208.57,0
C100324,Rana Khan,Blue,20,1,25.55,2024-01-01,1,1,2024,2902,1235.81,34.35,1,0.4258,chip,Bills,258.14,0
C100325,Mumtaz Sheikh,Blue,20,1,30.41,2024-12-09,50,4,2024,2769,923.08,201.51,5,0.3334,online,Travel,204.39,1
C100326,Zain Shah,Blue,20,1,33.33,2024-09-23,39,3,2024,1424,264.06,118.19,4,0.1854,online,Shopping,71.93,0
C100327,Rehan Ahmed,Silver,50,1,34.36,2024-10-14,42,4,2024,6170,1560.42,440.44,6,0.2529,chip,Utilities,341.53,0
C100328,Hassan Mir,Platinum,300,1,177.77,2024-01-15,3,1,2024,27890,2794.66,31594.69,73,0.1002,chip,Healthcare,675.15,0
C100329,Zubair Siddiqui,Blue,20,1,32.17,2024-03-25,13,1,2024,2559,961.68,335.34,4,0.3758,chip,Education,179.1,0
C100330,Hamza Yousaf,Platinum,300,0,111.15,2024-09-23,39,3,2024,31484,7651.65,20939.24,64,0.243,chip,Utilities,1861.54,1
C100331,Kiran Siddiqui,Blue,20,0,31.96,2024-12-16,51,4,2024,3013,1590.09,124.19,3,0.5277,online,Bills,258.54,0
C100332,Ahmed Butt,Platinum,300,1,210.01,2024-04-15,16,2,2024,21711,6729.34,18702.72,49,0.31,swipe,Travel,1016.44,0
C100333,Rehan Ullah,Blue,20,1,15.01,2024-04-29,18,2,2024,3689,326.34,329.64,7,0.0885,swipe,Healthcare,88.71,0
C100334,Mumtaz Zafar,Silver,50,1,47.0,2024-12-16,51,4,2024,8242,1533.16,2526.89,20,0.186,swipe,Grocery,364.23,0
C100335,Farah Hussain,Blue,20,1,22.75,2024-02-05,6,1,2024,3917,1170.18,129.26,3,0.2987,online,Fuel,267.55,0
C100336,Tariq Aslam,Platinum,300,1,110.98,2024-11-18,47,4,2024,41575,15715.84,59938.28,78,0.378,online,Education,2324.95,0
C100337,Farah Aziz,Platinum,300,1,225.97,2024-12-09,50,4,2024,40566,15844.71,33760.66,73,0.3906,swipe,Healthcare,3109.75,1
C100338,Salma Sheikh,Gold,150,1,126.87,2024-02-12,7,1,2024,16608,453.74,13466.82,38,0.0273,online,Travel,108.77,0
C100339,Sara Hashmi,Silver,50,1,65.7,2024-02-12,7,1,2024,6167,629.85,2237.52,16,0.1021,chip,Entertainment,152.15,0
C100340,Ibrahim Anjum,Blue,20,1,37.03,2024-08-12,33,3,2024,2742,1214.66,220.76,5,0.443,swipe,Bills,219.06,0
C100341,Zain Khan,Blue,20,1,17.57,2024-10-28,44,4,2024,3759,873.05,80.6,1,0.2323,swipe,Shopping,206.07,0
C100342,Mohammad Sheikh,Silver,50,1,67.75,2024-10-07,41,4,2024,7258,2221.82,2128.3,13,0.3061,chip,Fuel,614.84,0
C100343,Nadia Butt,Blue,20,1,40.24,2024-09-09,37,3,2024,4204,759.79,557.35,8,0.1807,chip,Grocery,187.45,0
C100344,Ibrahim Iqbal,Blue,20,1,37.06,2024-07-01,27,3,2024,1498,292.14,106.62,4,0.195,online,Utilities,48.67,0
C100345,Rana Nazir,Gold,150,1,189.99,2024-03-04,10,1,2024,18757,3949.25,9116.53,48,0.2105,online,Food,886.94,0
C100346,Hamza Pervez,Gold,150,1,131.66,2024-06-17,25,2,2024,19921,2597.17,8369.05,34,0.1304,online,Shopping,751.25,0
C100347,Tariq Malik,Blue,20,1,30.06,2024-12-16,51,4,2024,1638,455.29,54.34,2,0.278,chip,Education,99.07,0
C100348,Rehan Zafar,Blue,20,1,58.69,2024-09-02,36,3,2024,2783,938.48,163.12,3,0.3372,swipe,Utilities,139.31,0
C100349,Ibrahim Pervez,Gold,150,1,116.2,2024-10-14,42,4,2024,15596,2227.87,9349.71,38,0.1428,chip,Fuel,424.38,0
C100350,Omar Batool,Gold,150,1,106.74,2024-08-19,34,3,2024,20531,6787.84,10558.71,31,0.3306,swipe,Utilities,1473.79,0
C100351,Yahya Pervez,Gold,150,1,81.15,2024-07-22,30,3,2024,10751,1261.14,5045.57,19,0.1173,swipe,Education,245.83,0
C100352,Maryam Qureshi,Blue,20,1,32.31,2024-07-29,31,3,2024,4763,1686.18,785.89,6,0.354,online,Grocery,345.71,0
C100353,Tariq Siddiqui,Silver,50,1,56.58,2024-12-16,51,4,2024,5484,792.32,1997.36,16,0.1445,online,Bills,149.08,1
C100354,Asad Khalil,Platinum,300,1,307.2,2024-11-18,47,4,2024,32080,13307.39,31071.93,63,0.4148,chip,Grocery,2308.24,0
C100355,Farah Butt,Gold,150,1,106.08,2024-11-25,48,4,2024,14685,2583.59,8587.48,34,0.1759,swipe,Healthcare,397.54,0
C100356,Hamza Naeem,Silver,50,1,67.19,2024-05-06,19,2,2024,6663,3928.61,1362.24,12,0.5896,chip,Bills,1031.07,0
C100357,Zubair Yousaf,Gold,150,1,151.17,2024-07-08,28,3,2024,11343,792.67,3025.61,13,0.0699,online,Education,158.81,0
C100358,Rida Khalil,Silver,50,1,44.12,2024-01-08,2,1,2024,8329,1999.23,5751.3,22,0.24,online,Grocery,352.93,0
C100359,Hassan Anjum,Gold,150,1,113.03,2024-06-24,26,2,2024,21350,875.97,13630.57,42,0.041,online,Shopping,206.42,0
C100360,Sana Shah,Silver,50,1,32.38,2024-08-12,33,3,2024,7311,2121.56,3472.15,17,0.2902,swipe,Education,629.35,0
C100361,Maryam Hussain,Gold,150,1,123.2,2024-06-24,26,2,2024,15295,7817.22,4608.04,39,0.5111,swipe,Grocery,2303.52,0
C100362,Noor Ullah,Platinum,300,1,198.52,2024-03-25,13,1,2024,11584,2020.77,7219.84,29,0.1744,swipe,Travel,463.22,0
C100363,Leen Farooq,Blue,20,1,7.66,2024-04-01,14,2,2024,3255,2316.14,326.97,5,0.7116,chip,Healthcare,451.38,1
C100364,Salma Saleem,Blue,20,1,29.89,2024-07-15,29,3,2024,2227,569.55,249.8,5,0.2557,chip,Utilities,118.77,0
C100365,Aisha Yousaf,Blue,20,1,28.08,2024-04-01,14,2,2024,2113,1552.78,229.0,8,0.7349,online,Shopping,318.0,1
C100366,Ali Javed,Gold,150,1,81.9,2024-11-18,47,4,2024,16813,5027.96,7009.55,27,0.2991,online,Fuel,1463.91,0
C100367,Rehan Yousaf,Blue,20,1,39.57,2024-08-19,34,3,2024,2569,1289.01,27.68,1,0.5018,swipe,Travel,331.67,0
C100368,Maryam Ullah,Gold,150,1,215.44,2024-03-04,10,1,2024,10072,1402.79,8273.37,19,0.1393,online,Grocery,418.66,0
C100369,Ali Butt,Silver,50,1,18.58,2024-07-15,29,3,2024,7629,847.53,2971.45,19,0.1111,online,Fuel,196.83,0
C100370,Nadia Iqbal,Blue,20,1,42.88,2024-12-16,51,4,2024,4208,3122.21,297.78,4,0.742,swipe,Travel,506.77,0
C100371,Rana Sheikh,Blue,20,1,42.68,2024-08-12,33,3,2024,3377,451.23,440.42,7,0.1336,swipe,Food,101.15,0
C100372,Mohammad Siddiqui,Blue,20,1,16.55,2024-10-14,42,4,2024,3394,802.47,199.81,3,0.2364,swipe,Education,237.52,0
C100373,Rana Iqbal,Gold,150,1,56.6,2024-03-25,13,1,2024,13240,7241.99,3044.16,22,0.547,chip,Fuel,1870.84,1
C100374,Bilal Sheikh,Blue,20,1,36.1,2024-05-27,22,2,2024,3148,733.98,205.65,4,0.2332,chip,Education,130.8,0
C100375,Rana Aziz,Silver,50,1,41.53,2024-05-13,20,2,2024,7189,1180.01,1294.09,17,0.1641,swipe,Shopping,327.25,0
C100376,Ahmed Abbasi,Gold,150,1,168.28,2024-08-05,32,3,2024,13772,3717.46,8149.09,30,0.2699,chip,Utilities,976.2,0
C100377,Ahmed Farooq,Blue,20,1,22.93,2024-02-12,7,1,2024,3749,3091.79,575.79,11,0.8247,online,Grocery,745.36,0
C100378,Hafsa Rashid,Gold,150,1,121.31,2024-06-24,26,2,2024,13038,468.46,4018.92,22,0.0359,swipe,Fuel,75.57,0
C100379,Noor Nazir,Blue,20,1,33.81,2024-04-15,16,2,2024,2517,503.98,351.5,8,0.2002,chip,Fuel,114.54,0
C100380,Ibrahim Nazir,Silver,50,1,34.57,2024-12-23,52,4,2024,7605,1027.64,3412.67,19,0.1351,online,Entertainment,280.04,0
C100381,Rohail Saleem,Gold,150,1,129.5,2024-07-29,31,3,2024,12999,3850.88,3935.34,19,0.2962,chip,Entertainment,1053.58,0
C100382,Hussain Khalil,Platinum,300,1,283.84,2024-12-30,1,4,2024,25636,8428.82,22108.31,56,0.3288,online,Utilities,2158.22,0
C100383,Rehan Siddiqui,Blue,20,1,42.86,2024-11-11,46,4,2024,3389,486.62,481.29,6,0.1436,online,Healthcare,104.64,0
C100384,Hassan Aslam,Silver,50,1,62.18,2024-07-01,27,3,2024,7300,4421.25,1066.48,12,0.6057,online,Education,808.66,1
C100385,Mohammad Riaz,Gold,150,1,102.02,2024-08-19,34,3,2024,12715,2233.02,9256.27,28,0.1756,swipe,Shopping,552.28,0
C100386,Mumtaz Aslam,Blue,20,1,38.35,2024-04-15,16,2,2024,2557,2087.28,341.92,6,0.8163,online,Entertainment,486.73,1
C100387,Yahya Zafar,Silver,50,1,40.05,2024-09-02,36,3,2024,6257,2646.01,1514.47,9,0.4229,online,Food,622.91,1
C100388,Imran Khan,Blue,20,1,46.78,2024-08-12,33,3,2024,3597,1148.91,556.16,6,0.3194,online,Food,310.27,0
C100389,Leen Rashid,Platinum,300,1,374.32,2024-11-25,48,4,2024,43070,24823.97,100216.45,94,0.5764,online,Travel,3608.11,0
C100390,Ibrahim Ahmed,Gold,150,1,133.72,2024-07-08,28,3,2024,11416,4471.99,4477.97,26,0.3917,swipe,Travel,730.98,1
C100391,Maryam Hashmi,Gold,150,1,152.42,2024-11-25,48,4,2024,11290,3190.68,5670.67,17,0.2826,chip,Grocery,734.93,1
C100392,Naveed Ahmed,Blue,20,1,33.77,2024-12-09,50,4,2024,2165,1360.88,204.83,5,0.6286,online,Food,256.66,1
C100393,Hamza Pervez,Blue,20,1,27.86,2024-12-16,51,4,2024,3846,1255.77,275.12,5,0.3265,chip,Education,302.14,1
C100394,Nadia Ahmed,Gold,150,1,166.69,2024-06-03,23,2,2024,16245,5960.93,12498.33,34,0.3669,online,Entertainment,1579.12,1
C100395,Hussain Mir,Platinum,300,1,228.11,2024-09-23,39,3,2024,25536,4314.52,23885.26,54,0.169,swipe,Food,778.57,0
C100396,Noor Farooq,Silver,50,1,47.45,2024-03-18,12,1,2024,6827,2767.9,2199.03,20,0.4054,online,Fuel,452.21,0
C100397,Sana Ahmed,Platinum,300,1,196.24,2024-03-04,10,1,2024,27896,8955.0,33159.92,59,0.321,swipe,Healthcare,2685.57,0
C100398,Leen Zafar,Gold,150,1,87.06,2024-11-25,48,4,2024,16302,6146.54,10166.94,42,0.377,chip,Utilities,1662.96,0
C100399,Tariq Hashmi,Gold,150,1,84.03,2024-12-16,51,4,2024,14102,8057.04,5704.0,26,0.5713,chip,Entertainment,1283.17,1
C100400,Tariq Shah,Blue,20,1,38.71,2024-11-25,48,4,2024,2862,1781.72,512.34,8,0.6225,chip,Utilities,419.18,0
C100401,Ali Qureshi,Silver,50,1,68.75,2024-09-23,39,3,2024,6676,1190.25,1307.19,14,0.1783,chip,Shopping,227.58,0
C100402,Hussain Aslam,Platinum,300,1,252.25,2024-07-01,27,3,2024,21225,994.94,19757.16,51,0.0469,swipe,Travel,206.58,0
C100403,Aisha Khan,Silver,50,1,84.52,2024-04-15,16,2,2024,6319,1421.79,2455.21,15,0.225,chip,Food,293.6,0
C100404,Rehan Shah,Blue,20,1,25.26,2024-07-29,31,3,2024,3480,434.99,847.46,9,0.125,online,Healthcare,78.01,1
C100405,Mumtaz Aziz,Gold,150,1,150.08,2024-06-03,23,2,2024,14254,4377.47,18186.31,41,0.3071,chip,Bills,925.83,0
C100406,Sara Aziz,Blue,20,1,38.25,2024-11-25,48,4,2024,2446,1474.18,257.85,6,0.6027,swipe,Grocery,389.61,1
C100407,Leen Hashmi,Platinum,300,1,406.39,2024-04-29,18,2,2024,37227,10863.38,40348.6,87,0.2918,chip,Healthcare,2009.79,1
C100408,Salma Nazir,Blue,20,1,24.21,2024-12-02,49,4,2024,1845,478.52,20.46,1,0.2594,swipe,Travel,114.18,1
C100409,Hussain Khalil,Blue,20,1,24.37,2024-06-24,26,2,2024,3101,1174.5,629.88,11,0.3787,swipe,Bills,173.8,0
C100410,Khalid Butt,Silver,50,1,26.45,2024-05-13,20,2,2024,7189,1781.91,2087.68,15,0.2479,swipe,Grocery,404.0,0
C100411,Ateeq Zafar,Gold,150,1,32.18,2024-01-29,5,1,2024,14757,1600.54,8277.05,20,0.1085,online,Fuel,447.48,0
C100412,Rana Farooq,Silver,50,1,57.15,2024-10-14,42,4,2024,5373,2441.67,1931.39,19,0.4544,chip,Shopping,537.9,1
C100413,Zain Saleem,Silver,50,1,44.3,2024-04-22,17,2,2024,9406,4336.4,1942.81,13,0.461,swipe,Bills,670.04,1
C100414,Mohammad Qureshi,Blue,20,1,25.56,2024-03-11,11,1,2024,3467,1473.17,312.43,6,0.4249,chip,Food,346.15,0
C100415,Sara Qureshi,Blue,20,1,17.65,2024-06-10,24,2,2024,2840,1719.81,440.99,7,0.6056,online,Grocery,375.69,0
C100416,Ali Shah,Gold,150,1,134.0,2024-04-22,17,2,2024,15837,7154.59,15311.72,30,0.4518,swipe,Food,1123.92,0
C100417,Aisha Saleem,Silver,50,1,39.59,2024-06-03,23,2,2024,5673,2205.38,1206.68,11,0.3888,online,Grocery,649.45,0
C100418,Mohammad Nawaz,Blue,20,1,21.51,2024-06-03,23,2,2024,1883,1555.58,143.65,3,0.8261,swipe,Fuel,230.79,1
C100419,Asad Yousaf,Platinum,300,0,291.48,2024-04-08,15,2,2024,27514,12410.01,32116.86,65,0.451,swipe,Bills,3611.35,0
C100420,Hafsa Malik,Blue,20,1,32.89,2024-04-29,18,2,2024,2949,693.21,584.58,8,0.2351,swipe,Shopping,180.93,0
C100421,Mohammad Zafar,Blue,20,1,30.91,2024-06-03,23,2,2024,2354,1172.58,53.98,1,0.4981,chip,Utilities,184.5,0
C100422,Hafsa Iqbal,Silver,50,1,57.86,2024-03-11,11,1,2024,7443,1698.99,2275.2,10,0.2283,swipe,Entertainment,254.96,1
C100423,Bilal Saleem,Gold,150,1,165.54,2024-07-08,28,3,2024,17612,5038.99,7612.78,28,0.2861,online,Grocery,1033.93,0
C100424,Rohail Malik,Gold,150,1,127.24,2024-10-28,44,4,2024,13397,3184.48,17064.0,33,0.2377,swipe,Food,552.89,0
C100425,Hussain Qureshi,Blue,20,1,41.61,2024-07-15,29,3,2024,2454,790.7,216.74,4,0.3222,swipe,Shopping,119.87,0
C100426,Ibrahim Qureshi,Blue,20,1,49.31,2024-10-21,43,4,2024,2382,372.75,200.49,5,0.1565,chip,Travel,98.28,1
C100427,Latif Farooq,Blue,20,1,34.53,2024-07-01,27,3,2024,2654,427.34,202.82,5,0.161,chip,Education,86.51,0
C100428,Khalid Riaz,Blue,20,1,31.9,2024-12-16,51,4,2024,3661,458.94,998.78,10,0.1254,online,Fuel,70.58,1
C100429,Zara Malik,Blue,20,1,28.28,2024-07-01,27,3,2024,1967,960.89,33.65,1,0.4885,online,Bills,153.05,1
C100430,Maryam Javed,Gold,150,1,129.04,2024-07-22,30,3,2024,14448,6551.24,4492.29,20,0.4534,online,Bills,1299.31,0
C100431,Hafsa Anjum,Silver,50,1,58.69,2024-03-11,11,1,2024,6421,3109.83,2994.47,17,0.4843,chip,Food,916.33,1
C100432,Bilal Malik,Blue,20,1,28.18,2024-12-16,51,4,2024,2092,362.04,224.33,6,0.1731,swipe,Grocery,72.83,0
C100433,Khalid Ullah,Gold,150,1,74.31,2024-01-29,5,1,2024,8783,4632.47,2871.28,16,0.5274,chip,Education,1340.39,0
C100434,Hassan Saleem,Gold,150,1,198.52,2024-02-26,9,1,2024,16694,413.41,17118.94,36,0.0248,chip,Education,120.76,0
C100435,Kiran Iqbal,Gold,150,1,4.58,2024-01-15,3,1,2024,12367,782.82,4731.62,14,0.0633,online,Healthcare,133.38,0
C100436,Sana Ullah,Blue,20,1,26.04,2024-03-11,11,1,2024,1563,501.86,113.76,4,0.3211,chip,Fuel,111.87,0
C100437,Hafsa Mir,Blue,20,1,23.86,2024-10-07,41,4,2024,3061,129.48,140.1,8,0.0423,online,Food,35.33,0
C100438,Nadia Malik,Silver,50,1,75.09,2024-09-23,39,3,2024,5145,966.41,2104.55,16,0.1878,chip,Bills,206.37,0
C100439,Nadia Naeem,Gold,150,1,218.75,2024-09-02,36,3,2024,17749,9794.43,11433.58,40,0.5518,online,Fuel,1806.71,0
C100440,Nadia Javed,Blue,20,1,29.74,2024-04-22,17,2,2024,1340,943.38,109.41,4,0.704,chip,Entertainment,185.24,1
C100441,Naveed Shah,Silver,50,1,70.94,2024-04-29,18,2,2024,6542,1036.27,1353.57,9,0.1584,chip,Grocery,154.73,0
C100442,Hafsa Javed,Silver,50,1,17.48,2024-01-29,5,1,2024,6344,3072.89,3113.24,16,0.4844,chip,Fuel,486.62,0
C100443,Nadia Nawaz,Platinum,300,0,143.07,2024-03-25,13,1,2024,30591,7389.91,57256.47,56,0.2416,chip,Utilities,2029.09,0
C100444,Farah Ullah,Silver,50,1,44.46,2024-06-24,26,2,2024,7940,1109.23,1641.85,12,0.1397,swipe,Fuel,202.86,0
C100445,Yasir Pervez,Platinum,300,1,256.81,2024-09-09,37,3,2024,24631,7225.71,41953.18,63,0.2934,swipe,Entertainment,1609.46,1
C100446,Ahmed Ahmed,Blue,20,1,17.7,2024-01-08,2,1,2024,3060,808.17,191.31,4,0.2641,swipe,Education,191.22,1
C100447,Salma Rashid,Gold,150,1,40.48,2024-03-25,13,1,2024,12795,4365.28,4444.41,19,0.3412,online,Food,1175.22,1
C100448,Rida Khalil,Platinum,300,1,259.78,2024-09-23,39,3,2024,31047,2090.86,52436.51,72,0.0673,online,Grocery,620.82,0
C100449,Rehan Yousaf,Blue,20,1,23.3,2024-03-04,10,1,2024,2644,683.32,164.29,3,0.2584,chip,Healthcare,96.66,0
C100450,Rana Mir,Blue,20,1,27.46,2024-10-14,42,4,2024,2900,1335.13,776.26,9,0.4604,swipe,Fuel,312.03,0
C100451,Bilal Batool,Silver,50,1,78.08,2024-06-03,23,2,2024,5677,565.52,1487.5,19,0.0996,swipe,Entertainment,129.85,0
C100452,Mohammad Khalil,Platinum,300,1,64.7,2024-10-14,42,4,2024,20888,4284.26,17677.29,43,0.2051,chip,Travel,1204.19,0
C100453,Salma Qureshi,Gold,150,1,90.16,2024-09-09,37,3,2024,15763,4208.78,10843.5,30,0.267,chip,Shopping,772.61,0
C100454,Hafsa Nawaz,Platinum,300,1,198.98,2024-02-12,7,1,2024,27684,13842.79,67521.86,68,0.5,swipe,Shopping,2223.85,0
C100455,Khalid Rashid,Blue,20,1,30.73,2024-05-06,19,2,2024,3579,2707.14,309.56,5,0.7564,chip,Food,555.01,1
C100456,Latif Hashmi,Silver,50,1,28.53,2024-07-29,31,3,2024,11403,5399.22,8399.11,28,0.4735,online,Healthcare,1331.03,0
C100457,Nadia Anjum,Gold,150,1,138.8,2024-10-21,43,4,2024,21637,11598.68,14212.55,40,0.5361,swipe,Utilities,3284.28,1
C100458,Aisha Naeem,Gold,150,1,45.18,2024-06-10,24,2,2024,13200,4571.16,5338.33,29,0.3463,online,Grocery,738.68,1
C100459,Noor Saleem,Silver,50,1,15.49,2024-10-07,41,4,2024,7917,798.65,2763.75,15,0.1009,chip,Shopping,128.46,0
C100460,Salma Saleem,Silver,50,1,39.04,2024-11-25,48,4,2024,8638,2038.66,1785.87,14,0.236,chip,Fuel,567.37,0
C100461,Noor Hussain,Blue,20,1,16.88,2024-04-01,14,2,2024,3890,1804.06,287.16,4,0.4638,online,Bills,443.61,0
C100462,Mumtaz Javed,Gold,150,1,94.83,2024-02-19,8,1,2024,18362,7707.82,12134.54,33,0.4198,chip,Healthcare,1751.32,0
C100463,Rana Malik,Blue,20,1,33.35,2024-02-12,7,1,2024,3557,2324.3,252.85,6,0.6534,online,Fuel,484.45,0
C100464,Zain Khan,Blue,20,1,32.26,2024-02-05,6,1,2024,2355,1341.85,242.26,5,0.5698,online,Grocery,238.98,1
C100465,Rehan Siddiqui,Silver,50,1,30.69,2024-02-12,7,1,2024,7262,293.83,1476.67,19,0.0405,swipe,Bills,62.27,0
C100466,Asad Saleem,Silver,50,1,73.87,2024-01-22,4,1,2024,7384,1191.11,1359.32,12,0.1613,online,Education,287.98,0
C100467,Bilal Pervez,Blue,20,1,15.55,2024-12-16,51,4,2024,2798,1997.77,149.53,5,0.714,swipe,Grocery,537.03,1
C100468,Farah Naeem,Silver,50,0,73.25,2024-10-28,44,4,2024,7251,1736.62,1409.76,19,0.2395,chip,Bills,273.84,1
C100469,Nadia Pervez,Silver,50,0,46.2,2024-12-16,51,4,2024,5608,2390.89,650.26,10,0.4263,online,Fuel,339.63,0
C100470,Naveed Sheikh,Blue,20,1,28.66,2024-12-30,1,4,2024,2425,452.44,432.04,6,0.1866,chip,Bills,130.78,0
C100471,Noman Naeem,Silver,50,0,50.5,2024-03-11,11,1,2024,5390,2873.53,492.72,7,0.5331,chip,Education,435.28,1
C100472,Noor Rashid,Gold,150,1,124.94,2024-07-29,31,3,2024,8466,3120.48,3275.19,18,0.3686,chip,Healthcare,633.0,1
C100473,Sara Pervez,Silver,50,1,56.11,2024-01-29,5,1,2024,5781,1009.62,1637.12,20,0.1746,chip,Healthcare,172.22,0
C100474,Zubair Zafar,Platinum,300,1,173.58,2024-01-01,1,1,2024,37829,5767.94,72159.65,83,0.1525,swipe,Fuel,1638.8,0
C100475,Sara Anjum,Silver,50,1,63.12,2024-10-28,44,4,2024,6733,1425.87,1037.06,13,0.2118,swipe,Grocery,259.51,0
C100476,Kiran Abbasi,Blue,20,1,34.31,2024-09-30,40,4,2024,3334,198.08,459.83,6,0.0594,online,Healthcare,34.4,0
C100477,Rana Yousaf,Gold,150,1,174.72,2024-05-20,21,2,2024,20997,6855.58,14226.57,45,0.3265,online,Travel,1480.99,0
C100478,Rehan Hussain,Silver,50,1,35.04,2024-12-16,51,4,2024,8635,1776.04,3269.25,17,0.2057,chip,Food,287.44,0
C100479,Ibrahim Saleem,Silver,50,1,44.14,2024-06-03,23,2,2024,7619,2571.79,1796.06,15,0.3375,online,Entertainment,524.53,0
C100480,Zain Riaz,Blue,20,1,35.14,2024-08-12,33,3,2024,3107,3000.67,321.31,6,0.9658,online,Entertainment,817.59,0
C100481,Tariq Mir,Blue,20,1,13.42,2024-07-22,30,3,2024,3132,909.57,404.79,7,0.2904,swipe,Education,177.64,0
C100482,Asad Pervez,Blue,20,1,31.33,2024-01-29,5,1,2024,2663,1560.59,234.17,6,0.586,online,Bills,344.39,0
C100483,Noman Saleem,Silver,50,1,60.83,2024-04-08,15,2,2024,6425,1441.16,1210.4,7,0.2243,chip,Utilities,428.73,1
C100484,Fatima Ullah,Silver,50,1,42.93,2024-07-01,27,3,2024,5416,2555.33,2311.85,12,0.4718,online,Bills,577.58,0
C100485,Ali Batool,Blue,20,1,37.79,2024-10-28,44,4,2024,3900,985.61,360.33,6,0.2527,online,Travel,215.33,0
C100486,Naveed Yousaf,Silver,50,1,44.73,2024-05-06,19,2,2024,7314,1418.9,2047.66,15,0.194,swipe,Grocery,240.17,0
C100487,Nadia Hussain,Blue,20,1,6.51,2024-04-15,16,2,2024,2216,1336.69,226.22,3,0.6032,chip,Utilities,279.69,0
C100488,Ibrahim Mir,Silver,50,1,45.33,2024-12-09,50,4,2024,10282,3046.68,5137.53,22,0.2963,chip,Education,447.82,0
C100489,Omar Nazir,Gold,150,1,106.72,2024-11-04,45,4,2024,16228,4954.95,9853.74,28,0.3053,online,Entertainment,1103.66,0
C100490,Nadia Riaz,Blue,20,1,25.03,2024-08-26,35,3,2024,3147,964.95,277.51,7,0.3066,online,Bills,160.13,0
C100491,Rehan Yousaf,Blue,20,1,28.83,2024-12-02,49,4,2024,4372,1114.95,1241.92,11,0.255,online,Bills,204.32,0
C100492,Tariq Sheikh,Blue,20,1,45.82,2024-01-29,5,1,2024,3059,786.41,553.54,8,0.2571,online,Entertainment,157.7,0
C100493,Ibrahim Javed,Gold,150,0,131.62,2024-11-25,48,4,2024,13827,7993.93,5345.13,32,0.5781,online,Utilities,2298.7,1
C100494,Hafsa Saleem,Blue,20,1,46.01,2024-10-28,44,4,2024,1615,781.34,202.8,5,0.4838,online,Shopping,155.52,0
C100495,Ateeq Mir,Silver,50,1,27.58,2024-07-29,31,3,2024,7084,1010.47,642.41,10,0.1426,online,Healthcare,223.78,0
C100496,Rida Khalil,Platinum,300,1,145.28,2024-06-24,26,2,2024,32321,6480.76,34106.43,66,0.2005,swipe,Utilities,955.08,0
C100497,Naveed Ullah,Platinum,300,1,304.88,2024-05-27,22,2,2024,15864,7741.99,12128.71,31,0.488,chip,Bills,1742.79,1
C100498,Zain Siddiqui,Blue,20,1,34.78,2024-10-07,41,4,2024,3685,2277.85,330.83,8,0.6181,chip,Shopping,347.78,0
C100499,Bilal Nawaz,Blue,20,1,15.42,2024-07-29,31,3,2024,2641,691.29,322.16,5,0.2618,online,Shopping,159.86,0
C100500,Yahya Farooq,Platinum,300,1,302.25,2024-11-18,47,4,2024,21279,5711.71,18670.68,43,0.2684,swipe,Fuel,1249.98,0
C100501,Aisha Siddiqui,Platinum,300,1,126.69,2024-12-09,50,4,2024,29683,11487.27,26674.6,56,0.387,online,Bills,3139.23,0
C100502,Fatima Riaz,Platinum,300,1,182.37,2024-04-08,15,2,2024,36765,2910.17,45138.92,74,0.0792,online,Healthcare,655.18,0
C100503,Imran Malik,Blue,20,1,28.03,2024-02-05,6,1,2024,4510,3255.6,255.72,6,0.7219,online,Shopping,662.2,0
C100504,Omar Zafar,Gold,150,1,213.23,2024-05-20,21,2,2024,14679,4329.41,3153.72,29,0.2949,chip,Travel,949.9,0
C100505,Noor Siddiqui,Gold,150,1,128.09,2024-03-04,10,1,2024,11230,9009.02,8688.56,32,0.8022,swipe,Healthcare,1799.22,0
C100506,Rehan Iqbal,Platinum,300,1,226.93,2024-01-15,3,1,2024,48921,19080.44,133607.15,88,0.39,swipe,Utilities,4281.07,0
C100507,Mohammad Saleem,Blue,20,1,9.53,2024-04-01,14,2,2024,4246,265.42,747.4,7,0.0625,chip,Food,75.17,0
C100508,Hafsa Qureshi,Gold,150,1,159.39,2024-03-04,10,1,2024,11690,1539.15,2086.09,14,0.1317,chip,Healthcare,258.75,0
C100509,Maryam Butt,Blue,20,1,52.39,2024-05-27,22,2,2024,1834,833.41,103.34,4,0.4544,online,Bills,168.73,0
C100510,Hamza Iqbal,Platinum,300,0,3.8,2024-06-24,26,2,2024,23693,1801.17,21979.39,45,0.076,online,Shopping,312.79,0
C100511,Noor Ullah,Platinum,300,1,180.23,2024-04-22,17,2,2024,25400,10756.76,20269.36,46,0.4235,chip,Travel,2465.32,1
C100512,Ateeq Yousaf,Silver,50,1,24.64,2024-12-30,1,4,2024,8175,3885.07,985.07,11,0.4752,swipe,Food,841.94,0
C100513,Khalid Abbasi,Silver,50,1,64.26,2024-01-22,4,1,2024,6276,2358.85,1516.69,11,0.3759,swipe,Grocery,344.72,0
C100514,Ateeq Hussain,Gold,150,1,121.8,2024-07-08,28,3,2024,18244,8133.9,15886.04,35,0.4458,chip,Bills,1664.06,1
C100515,Sara Rashid,Gold,150,1,82.33,2024-06-03,23,2,2024,11706,1113.24,7115.78,28,0.0951,online,Grocery,304.21,0
C100516,Ibrahim Nazir,Gold,150,1,150.92,2024-02-19,8,1,2024,11702,3104.93,5784.37,22,0.2653,swipe,Fuel,576.4,1
C100517,Ali Naeem,Blue,20,1,38.95,2024-04-08,15,2,2024,2282,1000.52,99.39,3,0.4384,online,Bills,181.61,0
C100518,Farah Khalil,Silver,50,1,50.02,2024-10-07,41,4,2024,10347,6182.37,3005.18,26,0.5975,online,Utilities,1450.05,0
C100519,Naveed Zafar,Blue,20,1,38.44,2024-02-12,7,1,2024,2658,1089.1,480.03,7,0.4097,chip,Fuel,278.05,0
C100520,Sara Ahmed,Gold,150,1,166.83,2024-02-19,8,1,2024,18671,497.24,19771.91,48,0.0266,online,Utilities,142.54,0
C100521,Yahya Javed,Silver,50,1,70.27,2024-03-25,13,1,2024,5197,351.95,1236.23,9,0.0677,chip,Entertainment,53.45,0
C100522,Zara Iqbal,Gold,150,1,140.88,2024-01-22,4,1,2024,13292,4963.36,4482.9,22,0.3734,chip,Travel,844.09,0
C100523,Noor Zafar,Silver,50,1,20.03,2024-11-11,46,4,2024,7960,947.3,1927.57,12,0.119,online,Grocery,199.01,0
C100524,Hamza Butt,Blue,20,1,32.4,2024-08-19,34,3,2024,2330,1356.4,358.3,8,0.5821,online,Healthcare,325.17,0
C100525,Naveed Naeem,Silver,50,1,10.69,2024-03-25,13,1,2024,7174,1293.73,1843.07,14,0.1803,chip,Travel,196.07,0
C100526,Fatima Riaz,Blue,20,1,37.06,2024-10-28,44,4,2024,2181,1472.7,307.93,5,0.6752,online,Fuel,369.42,0
C100527,Omar Nazir,Silver,50,1,42.74,2024-01-15,3,1,2024,5708,1576.08,1961.3,14,0.2761,swipe,Travel,239.2,0
C100528,Rana Anjum,Platinum,300,1,482.1,2024-01-29,5,1,2024,33363,10155.67,56473.94,66,0.3044,online,Shopping,2853.51,1
C100529,Noman Abbasi,Gold,150,1,147.67,2024-04-22,17,2,2024,13507,1582.94,7819.98,37,0.1172,swipe,Shopping,234.06,0
C100530,Salma Anjum,Silver,50,1,51.1,2024-09-02,36,3,2024,8920,1369.24,2658.23,21,0.1535,online,Healthcare,395.62,0
C100531,Zubair Saleem,Platinum,300,1,233.73,2024-11-25,48,4,2024,29717,6500.82,28502.14,74,0.2188,chip,Bills,1602.09,0
C100532,Rana Riaz,Blue,20,1,32.16,2024-06-10,24,2,2024,3182,566.4,360.75,6,0.178,chip,Shopping,101.7,0
C100533,Fatima Shah,Blue,20,1,19.85,2024-07-22,30,3,2024,3308,339.16,567.05,8,0.1025,chip,Grocery,60.99,0
C100534,Kiran Farooq,Blue,20,1,15.94,2024-06-10,24,2,2024,4453,1444.38,367.71,6,0.3244,chip,Education,301.33,0
C100535,Ateeq Anjum,Silver,50,1,75.81,2024-10-07,41,4,2024,10313,1693.65,3358.14,15,0.1642,chip,Grocery,242.78,0
C100536,Salma Mir,Blue,20,1,28.1,2024-04-15,16,2,2024,3358,2339.58,391.39,8,0.6967,swipe,Education,363.12,0
C100537,Asad Pervez,Blue,20,1,25.42,2024-08-19,34,3,2024,3350,935.34,319.89,8,0.2792,online,Bills,204.88,0
C100538,Tariq Siddiqui,Gold,150,1,171.98,2024-08-19,34,3,2024,18501,5341.77,6897.45,43,0.2887,chip,Grocery,795.14,0
C100539,Bilal Khan,Blue,20,1,12.3,2024-05-27,22,2,2024,2698,1321.28,364.19,4,0.4897,swipe,Bills,196.41,0
C100540,Zain Hussain,Platinum,300,1,465.97,2024-07-22,30,3,2024,21515,9797.61,11058.55,52,0.4554,chip,Entertainment,2161.07,0
C100541,Yasir Anjum,Platinum,300,1,223.44,2024-08-19,34,3,2024,18510,9575.81,18148.9,37,0.5173,chip,Shopping,1752.94,1
C100542,Sara Hussain,Platinum,300,1,204.35,2024-10-28,44,4,2024,36752,1082.9,81731.46,73,0.0295,chip,Education,222.81,0
C100543,Rida Shah,Blue,20,1,45.99,2024-09-23,39,3,2024,3288,2200.8,612.95,7,0.6693,swipe,Food,487.61,0
C100544,Leen Pervez,Silver,50,0,13.93,2024-03-25,13,1,2024,5739,2647.73,1790.63,11,0.4614,swipe,Fuel,679.46,1
C100545,Hussain Anjum,Silver,50,1,46.84,2024-06-10,24,2,2024,6502,968.69,2676.43,21,0.149,swipe,Healthcare,158.91,0
C100546,Tariq Ullah,Gold,150,1,82.83,2024-07-22,30,3,2024,16074,5031.7,9185.43,32,0.313,online,Entertainment,1314.26,0
C100547,Hussain Malik,Silver,50,1,68.4,2024-09-16,38,3,2024,7085,2155.88,1500.54,10,0.3043,online,Bills,575.08,0
C100548,Zubair Mir,Blue,20,1,35.42,2024-12-30,1,4,2024,3532,328.18,340.62,4,0.0929,online,Shopping,50.97,0
C100549,Hussain Khalil,Gold,150,0,126.05,2024-09-09,37,3,2024,13347,1871.95,8641.16,24,0.1403,swipe,Shopping,328.34,0
C100550,Farah Aziz,Silver,50,1,72.03,2024-12-02,49,4,2024,8818,1897.57,4042.65,17,0.2152,swipe,Healthcare,335.52,0
C100551,Mumtaz Sheikh,Platinum,300,1,369.6,2024-01-01,1,1,2024,33199,16157.87,32915.64,59,0.4867,swipe,Grocery,2517.96,1
C100552,Sara Hussain,Gold,150,1,153.16,2024-03-18,12,1,2024,14134,2497.67,5625.14,26,0.1767,online,Entertainment,484.07,0
C100553,Fatima Khalil,Gold,150,1,114.46,2024-09-30,40,4,2024,16871,1735.73,7119.95,35,0.1029,chip,Shopping,358.21,0
C100554,Zain Nazir,Platinum,300,1,339.84,2024-04-22,17,2,2024,19185,14751.18,26734.97,45,0.7689,swipe,Bills,2569.78,1
C100555,Rohail Naeem,Gold,150,1,135.09,2024-12-16,51,4,2024,14555,5729.8,10490.88,33,0.3937,swipe,Food,1206.24,0
C100556,Nadia Iqbal,Platinum,300,0,283.69,2024-06-03,23,2,2024,38799,6696.88,88004.01,80,0.1726,swipe,Food,1648.36,1
C100557,Khalid Rashid,Gold,150,1,88.1,2024-08-12,33,3,2024,10229,5962.82,4078.85,24,0.5829,chip,Shopping,1105.07,0
C100558,Mumtaz Hashmi,Gold,150,1,86.12,2024-04-08,15,2,2024,17212,3886.02,9577.94,32,0.2258,online,Education,981.47,0
C100559,Aisha Butt,Platinum,300,1,397.59,2024-02-26,9,1,2024,21009,3341.08,25968.73,57,0.159,online,Food,522.89,0
C100560,Zubair Javed,Blue,20,1,19.67,2024-05-06,19,2,2024,3457,457.75,543.83,8,0.1324,chip,Shopping,99.71,0
C100561,Sara Hussain,Blue,20,1,13.25,2024-01-22,4,1,2024,3765,2175.61,226.67,4,0.5779,swipe,Fuel,414.82,0
C100562,Maryam Siddiqui,Gold,150,1,63.26,2024-02-05,6,1,2024,13142,718.35,8357.46,27,0.0547,swipe,Shopping,115.17,0
C100563,Omar Shah,Blue,20,1,28.17,2024-07-29,31,3,2024,2094,1788.84,79.12,3,0.8543,swipe,Bills,460.35,1
C100564,Farah Qureshi,Platinum,300,1,225.6,2024-06-17,25,2,2024,34311,1149.74,45550.01,56,0.0335,online,Entertainment,198.31,0
C100565,Salma Shah,Silver,50,1,78.14,2024-11-25,48,4,2024,5506,2484.38,1586.43,12,0.4512,chip,Grocery,617.06,0
C100566,Latif Qureshi,Platinum,300,1,243.36,2024-11-11,46,4,2024,32669,5107.58,38675.55,61,0.1563,chip,Food,920.85,0
C100567,Zara Aslam,Platinum,300,0,254.93,2024-07-15,29,3,2024,42506,12607.99,91245.85,94,0.2966,online,Bills,3169.21,0
C100568,Ateeq Ullah,Silver,50,1,34.77,2024-09-16,38,3,2024,9136,4781.05,2115.77,10,0.5233,swipe,Education,926.04,0
C100569,Yahya Saleem,Gold,150,1,162.99,2024-02-12,7,1,2024,10759,2344.79,3528.77,27,0.2179,chip,Travel,570.04,0
C100570,Mumtaz Aziz,Blue,20,1,21.77,2024-12-09,50,4,2024,3368,541.75,280.67,4,0.1609,swipe,Utilities,128.3,0
C100571,Leen Pervez,Blue,20,1,11.05,2024-12-23,52,4,2024,2858,1160.64,313.14,7,0.4061,swipe,Healthcare,308.42,0
C100572,Aisha Hashmi,Gold,150,1,153.41,2024-06-17,25,2,2024,16439,5855.13,11622.73,33,0.3562,chip,Grocery,1525.13,1
C100573,Omar Naeem,Blue,20,1,55.72,2024-04-22,17,2,2024,1943,418.75,93.5,3,0.2155,online,Healthcare,113.08,0
C100574,Rehan Iqbal,Blue,20,1,25.62,2024-02-26,9,1,2024,3035,921.84,258.1,7,0.3037,swipe,Food,162.51,0
C100575,Salma Ahmed,Gold,150,1,35.26,2024-12-23,52,4,2024,18984,5410.59,23542.04,38,0.285,chip,Shopping,1272.61,0
C100576,Zain Sheikh,Gold,150,1,129.81,2024-02-12,7,1,2024,14976,6361.39,9058.65,34,0.4248,online,Education,1438.57,0
C100577,Ateeq Siddiqui,Blue,20,1,12.74,2024-07-15,29,3,2024,2998,1628.73,36.4,1,0.5433,swipe,Entertainment,430.09,0
C100578,Sara Sheikh,Gold,150,1,192.71,2024-11-25,48,4,2024,14573,2692.31,6477.66,23,0.1847,online,Food,801.6,0
C100579,Zubair Malik,Blue,20,1,20.88,2024-10-28,44,4,2024,2390,349.65,82.13,2,0.1463,online,Bills,60.52,0
C100580,Hassan Sheikh,Blue,20,1,18.26,2024-06-24,26,2,2024,4437,2693.1,937.32,9,0.607,chip,Healthcare,493.54,0
C100581,Rohail Malik,Blue,20,1,25.13,2024-05-06,19,2,2024,2931,497.35,63.04,2,0.1697,chip,Grocery,76.41,0
C100582,Kiran Riaz,Blue,20,1,45.78,2024-10-07,41,4,2024,2924,2232.9,176.22,2,0.7636,online,Bills,602.1,1
C100583,Aisha Javed,Blue,20,1,28.85,2024-09-02,36,3,2024,3065,433.87,258.19,7,0.1416,online,Shopping,102.13,0
C100584,Hafsa Anjum,Blue,20,1,27.15,2024-04-08,15,2,2024,2437,1156.06,320.73,5,0.4744,online,Education,261.25,0
C100585,Salma Batool,Blue,20,1,29.45,2024-10-14,42,4,2024,2795,1354.76,259.94,5,0.4847,swipe,Shopping,335.81,0
C100586,Leen Butt,Blue,20,1,36.82,2024-04-22,17,2,2024,2935,2222.29,314.72,5,0.7572,swipe,Healthcare,585.63,1
C100587,Asad Malik,Gold,150,1,101.69,2024-09-02,36,3,2024,15584,10065.49,13569.64,40,0.6459,online,Education,2033.65,1
C100588,Maryam Siddiqui,Silver,50,1,29.97,2024-11-04,45,4,2024,6410,2256.64,1436.82,17,0.352,chip,Entertainment,635.48,0
C100589,Hussain Saleem,Silver,50,1,46.06,2024-11-11,46,4,2024,6737,2786.15,1105.14,13,0.4136,chip,Grocery,632.05,0
C100590,Rohail Mir,Blue,20,1,4.51,2024-07-22,30,3,2024,2843,1527.11,366.92,7,0.5371,swipe,Utilities,456.46,0
C100591,Zubair Javed,Silver,50,0,45.01,2024-08-26,35,3,2024,8489,831.43,1698.26,11,0.0979,swipe,Travel,231.12,0
C100592,Bilal Saleem,Gold,150,1,166.87,2024-05-27,22,2,2024,14203,2302.39,6229.62,31,0.1621,chip,Education,545.76,0
C100593,Hassan Aslam,Silver,50,1,73.36,2024-04-29,18,2,2024,7829,687.77,2668.39,15,0.0878,swipe,Travel,119.81,0
C100594,Hussain Farooq,Blue,20,1,25.49,2024-10-14,42,4,2024,2898,99.22,137.72,5,0.0342,swipe,Travel,25.12,0
C100595,Naveed Nawaz,Blue,20,1,23.36,2024-04-22,17,2,2024,2910,1181.36,207.65,5,0.406,chip,Entertainment,318.15,0
C100596,Ahmed Batool,Blue,20,1,34.63,2024-07-01,27,3,2024,3087,317.69,166.46,4,0.1029,online,Education,68.43,0
C100597,Ahmed Hussain,Platinum,300,1,262.71,2024-12-23,52,4,2024,35185,17982.42,38808.35,79,0.5111,swipe,Entertainment,4599.42,0
C100598,Khalid Yousaf,Silver,50,1,67.97,2024-11-25,48,4,2024,6072,1124.71,2619.04,14,0.1852,online,Shopping,197.06,0
C100599,Aisha Shah,Blue,20,0,26.38,2024-04-22,17,2,2024,3792,1291.81,207.51,7,0.3407,swipe,Healthcare,302.96,0
C100600,Farah Siddiqui,Gold,150,1,206.67,2024-01-01,1,1,2024,10571,884.25,8100.95,20,0.0836,swipe,Travel,259.31,0
C100601,Bilal Ahmed,Silver,50,1,60.83,2024-03-11,11,1,2024,6382,1032.59,1262.61,11,0.1618,chip,Travel,277.41,0
C100602,Ali Batool,Blue,20,1,33.45,2024-02-26,9,1,2024,2706,1623.68,244.18,4,0.6,online,Education,450.19,0
C100603,Rida Butt,Gold,150,1,58.27,2024-04-29,18,2,2024,18206,6748.31,19799.21,38,0.3707,chip,Travel,1096.63,0
C100604,Noor Malik,Gold,150,1,202.28,2024-10-14,42,4,2024,13511,6984.09,4946.15,25,0.5169,chip,Food,2086.31,1
C100605,Omar Shah,Platinum,300,1,298.06,2024-10-14,42,4,2024,36152,5136.47,36359.6,70,0.1421,swipe,Food,1200.85,0
C100606,Yahya Ahmed,Blue,20,1,7.59,2024-08-26,35,3,2024,3806,285.52,305.62,4,0.075,online,Travel,55.64,0
C100607,Sara Nazir,Blue,20,1,22.23,2024-04-01,14,2,2024,4278,1592.56,581.79,7,0.3723,swipe,Bills,234.39,0
C100608,Hamza Ullah,Silver,50,1,66.53,2024-04-22,17,2,2024,6912,3207.17,3359.93,14,0.464,online,Healthcare,455.55,1
C100609,Ateeq Rashid,Silver,50,1,84.18,2024-12-16,51,4,2024,5923,2481.62,1595.64,12,0.419,online,Travel,392.1,0
C100610,Omar Siddiqui,Platinum,300,1,182.83,2024-09-23,39,3,2024,28061,7436.37,25375.28,53,0.265,swipe,Grocery,1903.56,1
C100611,Hussain Saleem,Gold,150,1,173.9,2024-12-09,50,4,2024,11786,3278.93,3506.28,16,0.2782,swipe,Healthcare,953.96,0
C100612,Asad Riaz,Blue,20,1,27.2,2024-04-22,17,2,2024,3571,698.99,790.79,12,0.1957,online,Healthcare,102.13,0
C100613,Kiran Anjum,Silver,50,1,57.99,2024-04-29,18,2,2024,8706,970.91,1556.94,12,0.1115,chip,Entertainment,230.6,0
C100614,Mumtaz Iqbal,Blue,20,1,32.92,2024-01-01,1,1,2024,2442,163.23,397.49,7,0.0668,swipe,Bills,37.6,0
C100615,Mohammad Aslam,Gold,150,1,64.65,2024-06-10,24,2,2024,11185,5615.51,7108.26,24,0.5021,online,Shopping,1286.46,1
C100616,Leen Mir,Silver,50,1,84.59,2024-09-30,40,4,2024,8476,2729.25,2281.0,20,0.322,online,Fuel,696.69,0
C100617,Ibrahim Batool,Silver,50,1,73.6,2024-10-07,41,4,2024,4941,1378.98,686.41,11,0.2791,swipe,Education,289.27,1
C100618,Zubair Aziz,Silver,50,0,20.79,2024-10-21,43,4,2024,8297,2954.92,4241.0,14,0.3561,online,Healthcare,533.52,0
C100619,Ali Hashmi,Blue,20,1,14.9,2024-03-18,12,1,2024,2820,523.47,494.14,6,0.1856,chip,Utilities,82.29,0
C100620,Hamza Naeem,Silver,50,1,59.48,2024-12-23,52,4,2024,8871,326.99,2785.71,14,0.0369,chip,Travel,72.81,0
C100621,Mohammad Naeem,Blue,20,1,32.32,2024-10-28,44,4,2024,1452,322.86,42.74,1,0.2224,online,Grocery,92.85,1
C100622,Bilal Nawaz,Blue,20,1,36.33,2024-07-15,29,3,2024,3328,1042.15,361.23,5,0.3131,online,Fuel,202.26,0
C100623,Yahya Khalil,Platinum,300,1,46.53,2024-03-25,13,1,2024,36517,3638.96,50839.01,80,0.0997,swipe,Education,550.81,0
C100624,Yasir Riaz,Gold,150,1,211.1,2024-05-20,21,2,2024,10981,1651.58,4353.61,22,0.1504,chip,Food,316.92,0
C100625,Rohail Shah,Gold,150,1,86.43,2024-12-09,50,4,2024,9325,3319.44,3013.03,16,0.356,chip,Shopping,709.58,0
C100626,Mohammad Butt,Blue,20,1,26.6,2024-07-22,30,3,2024,3549,1236.27,634.47,16,0.3483,online,Healthcare,295.19,0
C100627,Yasir Shah,Blue,20,1,14.51,2024-02-12,7,1,2024,3923,1259.46,568.95,10,0.321,swipe,Entertainment,257.29,0
C100628,Zubair Ullah,Silver,50,1,54.9,2024-05-20,21,2,2024,7993,3360.73,3450.83,19,0.4205,chip,Fuel,487.65,0
C100629,Imran Ullah,Silver,50,1,46.24,2024-03-25,13,1,2024,5600,4022.01,852.77,8,0.7182,online,Bills,998.19,1
C100630,Aisha Shah,Blue,20,0,42.68,2024-09-16,38,3,2024,1823,854.64,50.16,1,0.4688,online,Bills,247.21,0
C100631,Kiran Javed,Gold,150,0,120.1,2024-10-14,42,4,2024,11370,3791.32,5096.6,25,0.3334,online,Utilities,730.61,0
C100632,Imran Batool,Silver,50,1,67.48,2024-01-15,3,1,2024,6015,734.95,2016.42,16,0.1222,online,Grocery,150.24,0
C100633,Nadia Mir,Gold,150,1,107.6,2024-12-23,52,4,2024,14157,1555.4,13818.13,32,0.1099,chip,Shopping,390.84,0
C100634,Farah Shah,Silver,50,1,71.5,2024-05-13,20,2,2024,6941,1266.14,1365.61,14,0.1824,chip,Entertainment,227.61,1
C100635,Hamza Ahmed,Silver,50,1,70.57,2024-06-03,23,2,2024,6901,1034.29,1448.45,12,0.1499,online,Utilities,249.6,0
C100636,Ibrahim Butt,Platinum,300,1,144.98,2024-04-01,14,2,2024,8687,202.29,1631.11,12,0.0233,online,Utilities,37.72,0
C100637,Hafsa Riaz,Blue,20,1,24.94,2024-05-06,19,2,2024,2364,1268.28,204.43,4,0.5365,swipe,Shopping,281.46,1
C100638,Zain Anjum,Platinum,300,1,428.33,2024-12-02,49,4,2024,38508,7491.51,91525.23,79,0.1945,online,Fuel,1215.37,1
C100639,Mumtaz Hussain,Gold,150,1,160.88,2024-06-10,24,2,2024,18632,1267.95,7571.69,30,0.0681,online,Fuel,340.83,0
C100640,Rana Butt,Platinum,300,1,395.01,2024-05-20,21,2,2024,15558,7654.96,7733.66,35,0.492,online,Utilities,2063.38,0
C100641,Hussain Hussain,Silver,50,1,70.76,2024-09-30,40,4,2024,7995,762.64,2305.73,15,0.0954,chip,Bills,209.69,0
C100642,Omar Farooq,Platinum,300,1,287.44,2024-08-19,34,3,2024,26888,6431.55,46778.78,63,0.2392,online,Food,1607.13,1
C100643,Sana Aslam,Silver,50,1,75.66,2024-11-04,45,4,2024,7471,290.15,2146.77,14,0.0388,online,Travel,76.87,0
C100644,Hafsa Javed,Silver,50,1,66.32,2024-07-01,27,3,2024,7892,298.67,1916.46,15,0.0378,chip,Education,54.52,0
C100645,Sara Khalil,Gold,150,1,229.86,2024-07-22,30,3,2024,15292,2889.39,4433.31,26,0.1889,online,Education,481.78,0
C100646,Hussain Yousaf,Gold,150,1,51.65,2024-05-13,20,2,2024,9700,3028.1,2774.22,20,0.3122,chip,Bills,458.27,0
C100647,Nadia Rashid,Blue,20,0,11.83,2024-03-11,11,1,2024,3235,1457.28,818.44,13,0.4505,online,Food,204.23,1
C100648,Rana Malik,Platinum,300,1,167.88,2024-09-16,38,3,2024,23379,934.72,17758.55,36,0.04,swipe,Shopping,224.52,0
C100649,Maryam Javed,Silver,50,1,43.54,2024-07-22,30,3,2024,5272,734.68,1640.68,15,0.1394,chip,Travel,189.33,1
C100650,Khalid Siddiqui,Gold,150,1,185.55,2024-06-17,25,2,2024,11668,385.15,6553.08,31,0.033,online,Shopping,104.16,0
C100651,Zubair Ullah,Gold,150,1,93.18,2024-07-29,31,3,2024,15886,5262.08,8326.27,24,0.3312,chip,Shopping,1030.09,0
C100652,Tariq Rashid,Silver,50,1,59.84,2024-09-30,40,4,2024,3583,520.09,540.52,10,0.1452,chip,Entertainment,79.13,0
C100653,Rohail Siddiqui,Gold,150,1,164.35,2024-02-05,6,1,2024,11342,4779.09,5793.47,18,0.4214,online,Fuel,1182.73,0
C100654,Sara Riaz,Blue,20,1,29.12,2024-06-17,25,2,2024,1731,1223.89,108.0,4,0.707,online,Fuel,323.0,0
C100655,Aisha Ahmed,Blue,20,1,31.06,2024-06-10,24,2,2024,1360,57.51,22.64,1,0.0423,swipe,Entertainment,9.12,0
C100656,Tariq Mir,Silver,50,1,77.81,2024-07-01,27,3,2024,6223,1498.7,3412.15,16,0.2408,swipe,Fuel,291.41,0
C100657,Latif Iqbal,Blue,20,1,40.26,2024-03-04,10,1,2024,4533,904.76,372.15,5,0.1996,swipe,Utilities,147.59,0
C100658,Hassan Rashid,Blue,20,1,23.84,2024-01-29,5,1,2024,2283,1456.57,185.27,4,0.638,online,Bills,260.3,1
C100659,Rehan Shah,Gold,150,1,107.64,2024-05-13,20,2,2024,7926,1673.83,3026.54,19,0.2112,swipe,Travel,431.78,1
C100660,Nadia Sheikh,Blue,20,1,17.53,2024-08-12,33,3,2024,4091,632.91,1079.47,9,0.1547,swipe,Travel,93.43,0
C100661,Noor Khan,Blue,20,1,16.98,2024-06-10,24,2,2024,1645,418.72,89.14,3,0.2545,online,Education,67.48,0
C100662,Mumtaz Ullah,Blue,20,1,48.06,2024-12-23,52,4,2024,500,125.32,13.19,2,0.2506,swipe,Travel,28.83,0
C100663,Imran Mir,Gold,150,1,172.88,2024-08-05,32,3,2024,12804,1410.58,8680.36,26,0.1102,swipe,Bills,300.24,0
C100664,Farah Siddiqui,Silver,50,1,32.53,2024-08-12,33,3,2024,5546,3057.58,1173.69,7,0.5513,online,Shopping,439.79,0
C100665,Sara Sheikh,Blue,20,1,41.34,2024-03-04,10,1,2024,3071,1430.47,408.09,8,0.4658,online,Entertainment,385.43,0
C100666,Mohammad Khalil,Platinum,300,0,182.71,2024-08-26,35,3,2024,24123,11365.17,25203.73,53,0.4711,online,Food,1933.06,0
C100667,Yahya Nazir,Blue,20,1,24.94,2024-07-08,28,3,2024,2454,250.27,245.19,4,0.102,chip,Healthcare,40.57,0
C100668,Leen Aslam,Blue,20,1,23.27,2024-11-25,48,4,2024,2746,1073.15,295.83,5,0.3908,online,Healthcare,155.9,1
C100669,Hassan Iqbal,Gold,150,1,141.36,2024-11-04,45,4,2024,10773,4711.2,4239.6,18,0.4373,swipe,Entertainment,1030.33,0
C100670,Mumtaz Naeem,Blue,20,1,21.24,2024-02-05,6,1,2024,3437,1178.84,467.01,6,0.343,chip,Travel,198.16,0
C100671,Imran Nazir,Silver,50,1,77.24,2024-09-02,36,3,2024,6009,2535.05,1006.74,12,0.4219,chip,Shopping,666.58,1
C100672,Fatima Aziz,Blue,20,0,25.15,2024-05-20,21,2,2024,3133,2107.52,264.52,3,0.6727,online,Travel,559.72,0
C100673,Mohammad Qureshi,Blue,20,1,25.84,2024-04-15,16,2,2024,4439,777.17,1479.38,15,0.1751,online,Healthcare,207.24,0
C100674,Rana Nawaz,Silver,50,1,101.98,2024-06-17,25,2,2024,7910,1384.88,1938.92,19,0.1751,chip,Travel,384.22,1
C100675,Rehan Ahmed,Silver,50,1,37.26,2024-05-06,19,2,2024,5632,285.75,1446.34,10,0.0507,online,Food,66.25,0
C100676,Hafsa Aslam,Gold,150,1,117.22,2024-01-15,3,1,2024,15179,2285.82,7038.58,21,0.1506,chip,Education,573.46,0
C100677,Zain Shah,Gold,150,1,93.64,2024-07-15,29,3,2024,15112,1495.4,7659.96,30,0.099,swipe,Entertainment,342.1,0
C100678,Noor Mir,Gold,150,1,198.68,2024-10-07,41,4,2024,13334,3322.91,3542.8,25,0.2492,swipe,Grocery,846.44,0
C100679,Maryam Rashid,Silver,50,1,69.53,2024-12-02,49,4,2024,7754,1743.52,972.22,6,0.2249,chip,Grocery,244.16,0
C100680,Leen Zafar,Blue,20,1,37.7,2024-10-21,43,4,2024,3595,835.22,332.05,5,0.2323,chip,Healthcare,188.01,0
C100681,Mohammad Hussain,Silver,50,1,47.65,2024-12-16,51,4,2024,8479,950.31,1443.33,11,0.1121,swipe,Travel,141.24,0
C100682,Hassan Qureshi,Blue,20,1,17.99,2024-11-11,46,4,2024,3433,414.82,351.87,7,0.1208,online,Food,97.11,1
C100683,Sara Khalil,Silver,50,1,37.92,2024-09-02,36,3,2024,8761,3579.26,6650.61,18,0.4085,chip,Shopping,1060.08,0
C100684,Farah Naeem,Platinum,300,1,117.99,2024-01-08,2,1,2024,32793,17834.13,40937.75,65,0.5438,swipe,Healthcare,4980.43,0
C100685,Hussain Javed,Platinum,300,1,60.56,2024-08-12,33,3,2024,36202,11938.77,54398.44,67,0.3298,swipe,Entertainment,3309.73,0
C100686,Rana Rashid,Silver,50,1,23.2,2024-06-10,24,2,2024,6819,452.5,1521.71,12,0.0664,swipe,Education,127.5,0
C100687,Tariq Ullah,Platinum,300,1,280.5,2024-09-23,39,3,2024,34806,10171.8,44487.28,65,0.2922,chip,Education,2877.07,0
C100688,Khalid Aziz,Silver,50,1,76.21,2024-11-18,47,4,2024,7701,3065.31,3223.38,17,0.398,swipe,Healthcare,803.89,0
C100689,Ateeq Nazir,Platinum,300,1,116.55,2024-04-29,18,2,2024,26487,226.24,34917.23,52,0.0085,online,Grocery,43.14,0
C100690,Mumtaz Pervez,Silver,50,1,21.12,2024-09-09,37,3,2024,6573,2196.24,1535.78,9,0.3341,swipe,Travel,652.88,0
C100691,Zara Iqbal,Gold,150,1,78.69,2024-09-23,39,3,2024,18461,5845.26,11219.7,36,0.3166,swipe,Grocery,1391.0,1
C100692,Hussain Butt,Platinum,300,1,186.95,2024-09-02,36,3,2024,45113,7945.49,114158.2,98,0.1761,chip,Grocery,1861.3,1
C100693,Nadia Batool,Silver,50,1,31.12,2024-10-28,44,4,2024,7468,1592.64,2077.74,13,0.2133,online,Food,232.08,0
C100694,Tariq Khalil,Blue,20,0,29.13,2024-04-15,16,2,2024,2596,991.53,134.57,2,0.3819,swipe,Education,269.08,0
C100695,Hassan Farooq,Gold,150,1,178.04,2024-10-07,41,4,2024,16741,8150.64,10411.56,35,0.4869,swipe,Healthcare,1182.63,0
C100696,Fatima Pervez,Gold,150,1,158.4,2024-02-05,6,1,2024,20783,8322.03,18052.54,40,0.4004,online,Grocery,1484.95,0
C100697,Noman Anjum,Blue,20,1,28.64,2024-07-15,29,3,2024,3824,411.22,604.07,11,0.1075,chip,Utilities,91.33,0
C100698,Hafsa Yousaf,Gold,150,1,86.34,2024-10-07,41,4,2024,6550,4196.68,1531.89,12,0.6407,online,Grocery,919.77,0
C100699,Kiran Nawaz,Gold,150,1,110.29,2024-08-05,32,3,2024,10789,3994.22,5412.66,23,0.3702,chip,Travel,754.38,0
C100700,Zubair Aslam,Silver,50,1,31.83,2024-09-30,40,3,2024,4628,2170.53,644.78,7,0.469,swipe,Education,335.56,0
C100701,Zara Aziz,Platinum,300,1,366.44,2024-07-08,28,3,2024,36969,9695.29,89687.22,98,0.2623,online,Healthcare,2152.5,0
C100702,Zara Nazir,Blue,20,1,40.36,2024-07-08,28,3,2024,3453,529.95,462.77,9,0.1535,swipe,Entertainment,75.88,0
C100703,Latif Farooq,Platinum,300,1,144.96,2024-01-15,3,1,2024,26353,9541.03,43051.63,67,0.362,online,Fuel,2774.28,1
C100704,Hussain Saleem,Blue,20,1,21.85,2024-04-22,17,2,2024,1083,895.09,46.83,2,0.8265,chip,Shopping,186.96,1
C100705,Ibrahim Ullah,Silver,50,1,24.62,2024-10-14,42,4,2024,4364,2557.51,576.39,7,0.586,chip,Grocery,715.74,1
C100706,Farah Malik,Blue,20,1,28.42,2024-10-21,43,4,2024,2660,597.29,431.35,8,0.2245,chip,Utilities,151.05,0
C100707,Maryam Ahmed,Silver,50,1,23.08,2024-04-15,16,2,2024,7345,1913.67,1216.83,11,0.2605,swipe,Grocery,480.41,0
C100708,Naveed Butt,Silver,50,1,39.11,2024-12-23,52,4,2024,7700,3147.16,2144.15,12,0.4087,swipe,Grocery,896.35,0
C100709,Maryam Hussain,Gold,150,1,14.16,2024-02-05,6,1,2024,13473,2012.1,15169.81,36,0.1493,chip,Shopping,304.99,0
C100710,Leen Iqbal,Platinum,300,1,376.39,2024-04-22,17,2,2024,26196,9118.9,22140.11,41,0.3481,swipe,Fuel,2010.87,0
C100711,Nadia Hussain,Blue,20,1,29.92,2024-09-30,40,4,2024,3079,790.21,727.07,10,0.2566,swipe,Travel,174.52,0
C100712,Bilal Malik,Blue,20,1,56.5,2024-07-15,29,3,2024,3031,406.44,214.19,4,0.1341,online,Fuel,72.33,0
C100713,Hassan Qureshi,Silver,50,1,47.1,2024-03-11,11,1,2024,7450,622.45,2400.52,19,0.0836,chip,Shopping,119.75,0
C100714,Kiran Hashmi,Blue,20,1,35.39,2024-02-12,7,1,2024,3435,782.29,406.79,5,0.2277,online,Bills,166.59,0
C100715,Hussain Abbasi,Blue,20,1,17.43,2024-09-02,36,3,2024,4043,2171.53,1222.25,16,0.5371,online,Fuel,429.28,1
C100716,Salma Hashmi,Silver,50,1,52.3,2024-05-13,20,2,2024,5415,2865.58,1538.04,11,0.5292,online,Shopping,624.58,0
C100717,Kiran Ahmed,Blue,20,1,14.57,2024-07-01,27,3,2024,2559,1298.59,129.56,4,0.5075,online,Utilities,291.64,1
C100718,Tariq Mir,Blue,20,1,10.2,2024-06-24,26,2,2024,2196,366.64,60.01,1,0.167,swipe,Education,67.37,0
C100719,Latif Hussain,Platinum,300,1,265.17,2024-12-16,51,4,2024,9398,3858.8,2208.0,16,0.4106,online,Travel,870.05,0
C100720,Hassan Anjum,Gold,150,1,157.57,2024-11-11,46,4,2024,15921,6283.51,11538.64,31,0.3947,chip,Entertainment,934.12,1
C100721,Ali Sheikh,Silver,50,1,21.52,2024-04-15,16,2,2024,8197,3998.75,2932.75,14,0.4878,swipe,Bills,1139.08,1
C100722,Mumtaz Shah,Gold,150,1,146.46,2024-11-11,46,4,2024,17054,917.32,13459.95,42,0.0538,swipe,Travel,203.26,0
C100723,Ateeq Aslam,Silver,50,1,46.8,2024-01-22,4,1,2024,9462,4041.29,4361.44,24,0.4271,online,Travel,1151.57,1
C100724,Yasir Naeem,Gold,150,1,103.76,2024-08-26,35,3,2024,17432,4598.64,15069.39,36,0.2638,swipe,Food,1104.3,1
C100725,Ibrahim Batool,Platinum,300,1,99.28,2024-02-19,8,1,2024,32212,18944.4,54540.95,74,0.5881,chip,Entertainment,4656.7,0
C100726,Nadia Qureshi,Platinum,300,1,231.28,2024-12-23,52,4,2024,29171,6261.73,37706.59,51,0.2147,chip,Shopping,1225.57,0
C100727,Tariq Aziz,Blue,20,1,33.0,2024-08-19,34,3,2024,3188,1324.41,171.34,6,0.4154,swipe,Food,342.75,1
C100728,Noman Sheikh,Blue,20,1,22.93,2024-03-18,12,1,2024,1833,595.0,143.33,5,0.3246,chip,Shopping,163.69,0
C100729,Farah Mir,Blue,20,0,6.42,2024-09-09,37,3,2024,3145,1499.43,475.68,6,0.4768,online,Food,427.97,0
C100730,Nadia Saleem,Platinum,300,0,186.06,2024-10-07,41,4,2024,22879,9515.95,16107.82,39,0.4159,online,Utilities,2785.27,1
C100731,Rehan Batool,Blue,20,1,39.97,2024-09-23,39,3,2024,2304,1059.92,96.72,3,0.46,swipe,Fuel,312.53,0
C100732,Bilal Iqbal,Blue,20,1,51.14,2024-06-03,23,2,2024,2862,2042.76,346.67,5,0.7138,swipe,Shopping,379.86,0
C100733,Hussain Rashid,Gold,150,1,77.49,2024-12-16,51,4,2024,15997,7408.9,10876.35,35,0.4631,chip,Travel,1247.12,0
C100734,Noman Ullah,Blue,20,0,13.23,2024-03-11,11,1,2024,1928,646.15,280.37,6,0.3351,swipe,Fuel,137.14,0
C100735,Zara Ahmed,Silver,50,0,69.96,2024-02-26,9,1,2024,8082,1009.86,3550.58,21,0.125,chip,Shopping,245.85,0
C100736,Sara Hashmi,Blue,20,1,36.85,2024-07-29,31,3,2024,3605,1381.64,417.94,6,0.3833,online,Entertainment,347.8,0
C100737,Ibrahim Malik,Gold,150,1,54.12,2024-04-01,14,2,2024,13645,1446.89,6416.91,22,0.106,chip,Fuel,369.81,0
C100738,Tariq Yousaf,Gold,150,1,175.15,2024-04-22,17,2,2024,15014,6649.24,6682.4,27,0.4429,swipe,Food,1034.04,0
C100739,Naveed Malik,Silver,50,1,70.21,2024-12-30,1,4,2024,5417,2863.53,928.79,9,0.5286,swipe,Shopping,724.18,1
C100740,Nadia Siddiqui,Silver,50,1,68.81,2024-04-22,17,2,2024,7479,56.48,2567.09,17,0.0076,chip,Healthcare,16.26,0
C100741,Mohammad Ullah,Blue,20,1,30.98,2024-12-09,50,4,2024,4541,2030.07,1215.6,11,0.4471,chip,Utilities,588.83,1
C100742,Latif Riaz,Gold,150,1,120.07,2024-08-19,34,3,2024,18255,8882.14,9289.69,34,0.4866,chip,Healthcare,2104.87,0
C100743,Ahmed Nazir,Gold,150,1,113.05,2024-06-03,23,2,2024,16234,3627.31,5678.71,24,0.2234,online,Fuel,1036.09,0
C100744,Kiran Nazir,Silver,50,1,40.54,2024-12-23,52,4,2024,9707,2265.24,2036.89,20,0.2334,chip,Bills,568.86,1
C100745,Imran Pervez,Platinum,300,1,240.4,2024-04-29,18,2,2024,18545,8734.56,14167.0,43,0.471,swipe,Bills,1941.7,0
C100746,Ahmed Aziz,Silver,50,1,77.05,2024-01-22,4,1,2024,6533,128.6,1922.6,15,0.0197,chip,Entertainment,31.41,0
C100747,Maryam Abbasi,Gold,150,1,130.5,2024-07-29,31,3,2024,16745,1507.09,13134.59,41,0.09,online,Fuel,289.32,0
C100748,Noman Saleem,Blue,20,1,36.55,2024-08-19,34,3,2024,2209,622.51,187.57,6,0.2818,chip,Bills,118.13,1
C100749,Rida Saleem,Gold,150,1,65.44,2024-07-29,31,3,2024,14421,3351.3,5609.17,32,0.2324,online,Education,926.54,1
C100750,Imran Yousaf,Platinum,300,1,275.22,2024-08-19,34,3,2024,24607,3352.87,12689.62,49,0.1363,chip,Entertainment,601.7,0
C100751,Noor Khalil,Gold,150,1,177.41,2024-12-23,52,4,2024,11283,4819.25,5735.38,22,0.4271,online,Shopping,949.88,1
C100752,Nadia Hashmi,Gold,150,1,72.86,2024-03-18,12,1,2024,19991,5699.28,8056.93,23,0.2851,online,Bills,1591.61,0
C100753,Noor Ullah,Blue,20,1,37.46,2024-03-11,11,1,2024,3276,1251.8,421.77,6,0.3821,chip,Travel,367.58,1
C100754,Fatima Iqbal,Blue,20,1,36.6,2024-08-12,33,3,2024,1219,864.21,132.37,6,0.7089,online,Travel,235.91,1
C100755,Hussain Rashid,Blue,20,1,40.18,2024-01-01,1,1,2024,3173,154.69,639.98,11,0.0488,online,Education,30.23,0
C100756,Mumtaz Naeem,Blue,20,1,37.73,2024-04-29,18,2,2024,3453,124.32,437.14,6,0.036,chip,Fuel,18.31,0
C100757,Imran Iqbal,Silver,50,1,55.86,2024-01-01,1,1,2024,6650,2236.57,871.98,12,0.3363,chip,Bills,570.21,0
C100758,Zubair Pervez,Gold,150,1,158.98,2024-03-11,11,1,2024,10378,3044.4,4592.75,22,0.2934,chip,Shopping,579.42,1
C100759,Ahmed Batool,Silver,50,1,67.62,2024-06-17,25,2,2024,6591,3610.15,2215.56,16,0.5477,chip,Food,876.04,1
C100760,Omar Butt,Gold,150,1,209.16,2024-12-16,51,4,2024,15858,1972.12,7004.86,32,0.1244,swipe,Fuel,504.06,0
C100761,Zubair Butt,Platinum,300,1,215.67,2024-07-01,27,3,2024,20358,6950.34,18629.74,40,0.3414,chip,Grocery,1317.71,0
C100762,Zara Nawaz,Platinum,300,1,279.89,2024-08-05,32,3,2024,42994,23672.06,98909.09,105,0.5506,swipe,Grocery,4888.42,1
C100763,Hussain Anjum,Gold,150,1,95.32,2024-09-23,39,3,2024,14172,4916.73,16085.24,39,0.3469,online,Bills,947.23,1
C100764,Sana Nazir,Blue,20,1,21.42,2024-11-18,47,4,2024,2607,738.23,216.02,4,0.2832,swipe,Grocery,106.99,0
C100765,Tariq Ullah,Gold,150,1,132.84,2024-08-05,32,3,2024,16453,9439.79,12035.22,38,0.5737,swipe,Shopping,1633.83,1
C100766,Kiran Nazir,Silver,50,1,56.16,2024-10-14,42,4,2024,5587,3839.18,671.19,9,0.6872,online,Bills,1099.83,0
C100767,Rana Siddiqui,Gold,150,1,154.54,2024-04-29,18,2,2024,12879,1925.34,4554.93,19,0.1495,swipe,Entertainment,401.83,0
C100768,Mohammad Anjum,Blue,20,1,28.83,2024-02-26,9,1,2024,2424,1263.68,516.26,8,0.5213,swipe,Utilities,283.89,0
C100769,Sara Iqbal,Blue,20,1,42.63,2024-11-18,47,4,2024,2916,676.49,346.07,5,0.232,chip,Food,172.41,0
C100770,Yahya Javed,Gold,150,1,113.84,2024-09-16,38,3,2024,16016,851.17,8231.14,40,0.0531,swipe,Shopping,210.98,0
C100771,Ali Batool,Blue,20,1,24.48,2024-10-14,42,4,2024,2453,1834.69,77.65,2,0.7479,swipe,Food,333.91,0
C100772,Yasir Zafar,Gold,150,0,26.38,2024-09-02,36,3,2024,12786,4013.42,6058.14,29,0.3139,online,Food,699.33,0
C100773,Naveed Malik,Gold,150,1,105.59,2024-09-30,40,4,2024,10946,4089.26,4491.15,22,0.3736,online,Education,1190.68,0
C100774,Sara Ullah,Gold,150,1,184.94,2024-05-27,22,2,2024,16482,1091.65,11829.86,32,0.0662,swipe,Shopping,207.63,0
C100775,Ateeq Rashid,Silver,50,1,47.06,2024-06-24,26,2,2024,5517,1450.47,1616.34,15,0.2629,chip,Travel,275.63,0
C100776,Ateeq Zafar,Platinum,300,1,224.61,2024-03-25,13,1,2024,31983,4971.25,29682.66,62,0.1554,swipe,Fuel,811.23,0
C100777,Tariq Anjum,Platinum,300,1,227.15,2024-12-23,52,4,2024,31797,5995.78,34771.84,61,0.1886,online,Food,1560.0,0
C100778,Hassan Siddiqui,Platinum,300,1,297.63,2024-06-03,23,2,2024,39995,4119.56,37389.02,78,0.103,chip,Bills,1184.28,0
C100779,Ali Nawaz,Gold,150,1,185.72,2024-02-12,7,1,2024,14078,2994.73,12288.5,37,0.2127,online,Bills,709.19,1
C100780,Naveed Saleem,Silver,50,1,69.45,2024-09-02,36,3,2024,5316,2435.47,1024.89,10,0.4581,swipe,Bills,439.9,0
C100781,Zara Malik,Gold,150,1,171.52,2024-09-16,38,3,2024,17296,2873.47,8520.1,31,0.1661,swipe,Travel,490.5,0
C100782,Ahmed Farooq,Silver,50,1,103.76,2024-02-26,9,1,2024,7297,2355.39,1517.43,13,0.3228,chip,Entertainment,471.34,0
C100783,Tariq Riaz,Blue,20,1,49.3,2024-01-22,4,1,2024,3150,1166.66,323.76,8,0.3704,chip,Bills,258.12,0
C100784,Maryam Khan,Silver,50,1,49.85,2024-04-15,16,2,2024,8161,3095.77,2870.39,22,0.3793,online,Utilities,877.23,1
C100785,Ibrahim Aziz,Blue,20,1,29.4,2024-02-26,9,1,2024,2773,1180.4,172.54,3,0.4257,online,Travel,329.44,1
C100786,Ali Khan,Platinum,300,1,238.5,2024-02-19,8,1,2024,28715,11902.75,33767.58,60,0.4145,chip,Bills,1777.97,0
C100787,Zara Javed,Blue,20,1,23.07,2024-05-20,21,2,2024,4400,826.81,482.51,10,0.1879,swipe,Utilities,170.75,0
C100788,Maryam Nazir,Platinum,300,1,395.46,2024-01-22,4,1,2024,31633,7885.42,22574.73,64,0.2493,chip,Food,2164.44,0
C100789,Fatima Anjum,Silver,50,1,25.41,2024-07-15,29,3,2024,5105,754.08,2041.05,14,0.1477,chip,Fuel,188.32,0
C100790,Latif Nazir,Silver,50,1,35.42,2024-04-08,15,2,2024,7178,2274.3,3027.71,17,0.3168,swipe,Bills,502.66,1
C100791,Imran Yousaf,Blue,20,1,38.75,2024-12-23,52,4,2024,4290,1532.51,1895.44,13,0.3572,online,Grocery,316.08,0
C100792,Imran Siddiqui,Blue,20,1,25.43,2024-11-11,46,4,2024,3457,467.95,158.12,3,0.1354,online,Shopping,86.98,0
C100793,Hamza Naeem,Platinum,300,1,291.69,2024-09-02,36,3,2024,26388,6865.56,40095.86,56,0.2602,chip,Grocery,1663.72,0
C100794,Farah Siddiqui,Silver,50,1,85.34,2024-06-24,26,2,2024,5611,2326.29,1496.7,13,0.4146,swipe,Fuel,374.34,1
C100795,Zain Aslam,Gold,150,1,64.74,2024-06-10,24,2,2024,16893,2536.05,13073.59,32,0.1501,swipe,Grocery,721.68,0
C100796,Mumtaz Farooq,Silver,50,1,36.94,2024-11-11,46,4,2024,5898,2450.25,2508.79,22,0.4154,chip,Bills,362.61,1
C100797,Naveed Aslam,Blue,20,1,49.32,2024-12-16,51,4,2024,2928,551.61,607.38,10,0.1884,swipe,Healthcare,86.07,0
C100798,Leen Yousaf,Gold,150,1,38.17,2024-04-29,18,2,2024,11637,577.14,5879.84,21,0.0496,chip,Grocery,113.61,0
C100799,Kiran Pervez,Silver,50,1,74.13,2024-08-19,34,3,2024,7799,2059.86,2591.89,18,0.2641,online,Bills,464.41,1
C100800,Latif Butt,Blue,20,1,23.33,2024-10-28,44,4,2024,2174,1093.71,166.29,5,0.5031,chip,Fuel,315.51,0
C100801,Nadia Zafar,Silver,50,1,33.23,2024-02-12,7,1,2024,4493,384.03,463.54,7,0.0855,chip,Travel,96.13,0
C100802,Mohammad Abbasi,Blue,20,1,14.03,2024-09-23,39,3,2024,3235,2894.51,289.23,5,0.8947,online,Healthcare,750.32,0
C100803,Latif Rashid,Blue,20,1,18.8,2024-05-27,22,2,2024,4194,982.02,992.83,10,0.2341,swipe,Entertainment,217.28,0
C100804,Leen Khalil,Platinum,300,1,292.84,2024-02-12,7,1,2024,34914,12556.59,57216.45,83,0.3596,swipe,Food,2274.22,0
C100805,Rohail Aslam,Gold,150,1,106.44,2024-01-29,5,1,2024,10323,2468.23,3888.48,18,0.2391,online,Bills,633.09,0
C100806,Mohammad Khalil,Silver,50,0,66.6,2024-02-26,9,1,2024,4347,1764.23,772.9,7,0.4059,online,Food,296.99,1
C100807,Rida Aslam,Gold,150,1,55.07,2024-07-22,30,3,2024,14790,4559.16,3834.56,22,0.3083,online,Healthcare,864.09,0
C100808,Omar Siddiqui,Blue,20,1,32.7,2024-07-01,27,3,2024,3289,967.93,640.99,7,0.2943,online,Travel,226.68,0
C100809,Hussain Malik,Blue,20,1,27.62,2024-03-11,11,1,2024,3662,890.22,495.87,6,0.2431,swipe,Education,200.4,0
C100810,Hussain Ahmed,Blue,20,1,44.12,2024-08-19,34,3,2024,4236,1323.72,511.0,7,0.3125,swipe,Fuel,317.57,0
C100811,Salma Butt,Silver,50,1,43.54,2024-08-12,33,3,2024,7208,2039.95,2381.75,16,0.283,online,Shopping,468.5,0
C100812,Leen Nazir,Blue,20,1,49.71,2024-04-29,18,2,2024,2643,384.12,65.18,2,0.1453,swipe,Bills,57.77,0
C100813,Mumtaz Yousaf,Silver,50,0,83.73,2024-10-14,42,4,2024,7967,1207.31,1512.8,19,0.1515,online,Shopping,346.66,1
C100814,Naveed Khalil,Blue,20,1,37.64,2024-09-23,39,3,2024,3561,756.39,374.95,6,0.2124,online,Education,125.58,0
C100815,Noman Saleem,Gold,150,1,62.5,2024-11-18,47,4,2024,20416,3264.19,17054.6,47,0.1599,swipe,Grocery,939.88,0
C100816,Mumtaz Naeem,Silver,50,1,39.87,2024-06-24,26,2,2024,6231,1950.06,1762.52,10,0.313,swipe,Food,558.13,0
C100817,Rohail Saleem,Silver,50,1,30.44,2024-07-29,31,3,2024,7172,1588.22,2057.99,15,0.2214,online,Entertainment,262.53,0
C100818,Ahmed Khalil,Platinum,300,1,233.81,2024-10-14,42,4,2024,19019,5499.1,20913.99,48,0.2891,online,Food,1288.35,0
C100819,Rida Butt,Silver,50,1,34.0,2024-05-27,22,2,2024,7119,1945.88,925.46,8,0.2733,swipe,Fuel,347.87,1
C100820,Rana Ahmed,Blue,20,1,31.93,2024-05-20,21,2,2024,1950,468.14,438.12,9,0.2401,online,Travel,138.51,0
C100821,Ibrahim Riaz,Blue,20,1,21.78,2024-11-04,45,4,2024,1512,295.49,139.32,4,0.1954,chip,Fuel,81.61,0
C100822,Latif Nawaz,Gold,150,1,52.37,2024-12-23,52,4,2024,18132,8507.69,14369.7,38,0.4692,chip,Education,2291.58,1
C100823,Noman Riaz,Blue,20,0,24.02,2024-03-11,11,1,2024,2342,509.77,289.01,7,0.2177,swipe,Travel,106.3,0
C100824,Sara Abbasi,Silver,50,1,41.93,2024-11-18,47,4,2024,8486,2233.19,3759.98,16,0.2632,chip,Utilities,520.21,0
C100825,Farah Hussain,Gold,150,1,95.3,2024-02-26,9,1,2024,15126,838.34,8857.13,25,0.0554,chip,Travel,150.16,0
C100826,Naveed Sheikh,Silver,50,0,26.22,2024-09-23,39,3,2024,10257,5959.14,4087.16,16,0.581,chip,Healthcare,1557.89,0
C100827,Nadia Siddiqui,Blue,20,1,22.51,2024-08-05,32,3,2024,3771,1543.81,311.91,6,0.4094,chip,Entertainment,363.1,0
C100828,Latif Aslam,Gold,150,0,111.18,2024-12-09,50,4,2024,18700,3124.77,12889.27,37,0.1671,chip,Grocery,741.43,0
C100829,Farah Riaz,Silver,50,1,59.4,2024-05-13,20,2,2024,5794,1417.67,2045.23,13,0.2447,online,Entertainment,229.78,0
C100830,Zain Javed,Gold,150,1,164.77,2024-12-09,50,4,2024,10306,977.68,5125.21,18,0.0949,swipe,Utilities,173.04,0
C100831,Rida Abbasi,Blue,20,1,43.79,2024-12-16,51,4,2024,1872,922.81,132.92,6,0.493,chip,Shopping,260.65,0
C100832,Mohammad Pervez,Blue,20,1,3.63,2024-09-23,39,3,2024,2969,930.18,558.0,7,0.3133,chip,Education,173.81,0
C100833,Yahya Javed,Blue,20,1,15.98,2024-02-12,7,1,2024,2820,1242.29,297.61,4,0.4405,chip,Fuel,371.02,0
C100834,Sana Nazir,Gold,150,1,98.39,2024-02-26,9,1,2024,10965,2587.78,1324.75,24,0.236,chip,Fuel,563.31,1
C100835,Kiran Naeem,Platinum,300,1,188.89,2024-12-16,51,4,2024,20152,5757.97,16146.29,41,0.2857,chip,Entertainment,1517.17,0
C100836,Aisha Mir,Silver,50,0,44.09,2024-08-05,32,3,2024,4789,1275.23,790.4,6,0.2663,swipe,Shopping,242.71,0
C100837,Aisha Javed,Gold,150,1,184.79,2024-06-17,25,2,2024,15502,3605.23,14932.35,29,0.2326,chip,Entertainment,573.52,0
C100838,Khalid Butt,Silver,50,1,53.74,2024-04-08,15,2,2024,6426,3326.13,1696.54,11,0.5176,swipe,Healthcare,579.5,1
C100839,Rana Anjum,Blue,20,1,9.98,2024-04-15,16,2,2024,1051,317.33,52.43,3,0.3019,swipe,Grocery,89.68,0
C100840,Khalid Anjum,Blue,20,1,60.36,2024-05-06,19,2,2024,3234,856.43,464.56,7,0.2648,online,Food,168.03,0
C100841,Sara Mir,Gold,150,0,174.31,2024-12-02,49,4,2024,19459,6551.5,9082.82,33,0.3367,online,Entertainment,1745.4,1
C100842,Hamza Saleem,Silver,50,1,43.51,2024-12-23,52,4,2024,5401,1501.55,1859.35,16,0.278,online,Education,255.47,0
C100843,Aisha Aziz,Blue,20,1,47.53,2024-12-16,51,4,2024,3281,704.63,498.03,7,0.2148,online,Grocery,122.5,0
C100844,Farah Zafar,Gold,150,1,147.48,2024-11-18,47,4,2024,11504,4872.74,4082.6,17,0.4236,swipe,Grocery,1329.74,0
C100845,Hamza Ahmed,Gold,150,1,55.63,2024-05-27,22,2,2024,13376,1159.36,5176.39,33,0.0867,swipe,Utilities,294.88,0
C100846,Ahmed Aslam,Gold,150,1,164.79,2024-07-15,29,3,2024,15975,3971.92,3874.64,29,0.2486,chip,Shopping,1165.21,0
C100847,Latif Hashmi,Blue,20,1,40.38,2024-01-08,2,1,2024,2397,582.96,267.94,7,0.2432,swipe,Fuel,85.68,0
C100848,Nadia Ahmed,Gold,150,1,137.12,2024-09-09,37,3,2024,14194,4163.69,18297.53,45,0.2933,swipe,Education,893.34,0
C100849,Ateeq Hussain,Blue,20,1,36.04,2024-01-22,4,1,2024,3747,765.1,650.92,8,0.2042,online,Grocery,182.33,0
C100850,Noman Farooq,Platinum,300,1,270.55,2024-09-30,40,4,2024,29067,2217.06,28709.51,48,0.0763,chip,Fuel,315.86,0
C100851,Aisha Hussain,Gold,150,1,163.69,2024-01-08,2,1,2024,13280,2421.37,1697.47,20,0.1823,online,Fuel,640.32,1
C100852,Hussain Khan,Blue,20,1,20.22,2024-06-03,23,2,2024,2184,609.31,193.47,3,0.279,chip,Education,106.03,0
C100853,Rida Ahmed,Gold,150,1,82.55,2024-09-09,37,3,2024,10754,3112.79,2914.85,14,0.2895,swipe,Fuel,467.73,0
C100854,Yasir Iqbal,Blue,20,1,22.3,2024-12-09,50,4,2024,3549,1301.57,408.97,4,0.3667,online,Shopping,318.6,1
C100855,Kiran Aziz,Blue,20,1,29.64,2024-04-15,16,2,2024,3092,2835.26,599.03,9,0.917,chip,Fuel,690.97,1
C100856,Aisha Anjum,Blue,20,1,29.46,2024-03-25,13,1,2024,2817,1757.8,84.2,2,0.624,swipe,Shopping,288.12,0
C100857,Latif Qureshi,Platinum,300,1,339.64,2024-02-19,8,1,2024,42660,9659.48,88418.98,91,0.2264,swipe,Fuel,2403.08,0
C100858,Noor Khan,Platinum,300,1,286.99,2024-01-01,1,1,2024,36542,6709.88,53782.93,73,0.1836,chip,Grocery,1885.56,0
C100859,Rida Saleem,Blue,20,1,35.2,2024-08-26,35,3,2024,4122,1728.11,435.17,8,0.4192,swipe,Travel,463.66,1
C100860,Ibrahim Shah,Silver,50,1,55.31,2024-03-25,13,1,2024,7246,2341.24,1960.06,19,0.3231,swipe,Food,487.26,0
C100861,Rana Nazir,Platinum,300,1,430.15,2024-06-03,23,2,2024,26027,3314.85,19238.49,53,0.1274,online,Healthcare,936.34,1
C100862,Hafsa Rashid,Blue,20,1,19.32,2024-02-12,7,1,2024,3181,2120.82,233.29,4,0.6667,swipe,Shopping,607.29,0
C100863,Mumtaz Shah,Blue,20,1,49.07,2024-12-02,49,4,2024,2372,731.46,135.2,2,0.3084,chip,Entertainment,189.76,1
C100864,Ali Naeem,Blue,20,1,50.09,2024-08-26,35,3,2024,3483,987.3,394.97,8,0.2835,online,Travel,139.46,1
C100865,Ahmed Hussain,Gold,150,1,188.81,2024-08-05,32,3,2024,12687,4519.5,6897.29,22,0.3562,online,Shopping,865.04,0
C100866,Imran Hussain,Blue,20,1,32.09,2024-09-30,40,4,2024,2634,1032.02,139.02,3,0.3918,chip,Travel,179.23,0
C100867,Rana Shah,Blue,20,1,39.88,2024-08-12,33,3,2024,3681,389.54,739.76,10,0.1058,swipe,Fuel,109.2,0
C100868,Yasir Hashmi,Gold,150,1,144.21,2024-02-26,9,1,2024,17836,5676.05,10302.8,35,0.3182,online,Utilities,860.32,1
C100869,Sara Riaz,Blue,20,1,40.41,2024-02-05,6,1,2024,3110,2150.84,403.85,5,0.6916,online,Fuel,360.53,0
C100870,Leen Malik,Blue,20,1,27.33,2024-04-01,14,2,2024,2123,1131.34,165.1,7,0.5329,online,Shopping,163.51,1
C100871,Yasir Mir,Silver,50,1,45.9,2024-06-17,25,2,2024,7818,2246.91,2819.18,20,0.2874,chip,Food,535.05,0
C100872,Fatima Javed,Blue,20,1,33.28,2024-08-19,34,3,2024,2168,74.66,330.2,6,0.0344,online,Travel,21.17,0
C100873,Bilal Saleem,Blue,20,1,25.2,2024-11-18,47,4,2024,4279,702.66,554.93,7,0.1642,swipe,Travel,161.19,0
C100874,Zubair Riaz,Blue,20,1,31.78,2024-09-23,39,3,2024,2822,1336.68,284.59,4,0.4737,online,Utilities,187.68,0
C100875,Imran Javed,Blue,20,1,31.5,2024-05-06,19,2,2024,3599,1219.53,480.58,8,0.3389,chip,Shopping,229.39,0
C100876,Bilal Saleem,Platinum,300,0,312.6,2024-10-14,42,4,2024,22211,7564.59,21800.32,42,0.3406,chip,Healthcare,1396.11,0
C100877,Ahmed Siddiqui,Gold,150,1,121.64,2024-08-05,32,3,2024,14549,5244.42,5554.94,24,0.3605,swipe,Healthcare,1126.98,0
C100878,Zain Farooq,Silver,50,1,36.84,2024-01-01,1,1,2024,6120,936.7,1997.19,21,0.1531,swipe,Healthcare,237.95,0
C100879,Hussain Nawaz,Blue,20,1,40.55,2024-02-12,7,1,2024,2762,231.36,428.92,6,0.0838,chip,Education,44.96,0
C100880,Noor Khalil,Silver,50,1,47.99,2024-10-21,43,4,2024,7362,1752.03,1825.27,18,0.238,chip,Education,490.29,0
C100881,Hussain Riaz,Gold,150,1,147.15,2024-07-08,28,3,2024,13996,4018.96,13557.23,35,0.2872,swipe,Education,1203.21,0
C100882,Mohammad Riaz,Gold,150,1,119.81,2024-12-16,51,4,2024,7670,2734.24,3329.62,17,0.3565,online,Bills,539.57,1
C100883,Leen Abbasi,Blue,20,0,2.89,2024-09-30,40,4,2024,3717,2981.25,508.67,9,0.8021,swipe,Utilities,543.94,0
C100884,Hassan Nazir,Platinum,300,1,56.42,2024-01-29,5,1,2024,31990,7280.63,30994.74,57,0.2276,swipe,Shopping,1842.52,0
C100885,Ali Aslam,Silver,50,1,60.31,2024-07-01,27,3,2024,6282,445.17,814.07,5,0.0709,online,Travel,120.37,0
C100886,Aisha Aziz,Gold,150,1,127.27,2024-06-17,25,2,2024,14046,1921.08,3411.24,14,0.1368,chip,Bills,548.09,0
C100887,Naveed Hashmi,Platinum,300,1,246.71,2024-12-23,52,4,2024,26950,9124.22,39872.91,66,0.3386,chip,Utilities,2699.77,0
C100888,Ibrahim Shah,Gold,150,1,58.38,2024-01-29,5,1,2024,15791,5871.63,14233.91,34,0.3718,online,Shopping,859.63,0
C100889,Rohail Shah,Gold,150,1,93.78,2024-09-23,39,3,2024,20808,960.89,11281.91,37,0.0462,swipe,Bills,202.81,0
C100890,Latif Nazir,Silver,50,1,71.73,2024-12-16,51,4,2024,6593,755.21,2256.61,12,0.1145,chip,Utilities,217.82,0
C100891,Imran Ahmed,Blue,20,1,23.59,2024-05-27,22,2,2024,3034,1617.28,223.98,4,0.5331,chip,Grocery,384.26,1
C100892,Ali Khalil,Blue,20,1,39.98,2024-04-08,15,2,2024,3172,365.82,712.28,11,0.1153,swipe,Food,74.7,0
C100893,Mumtaz Ullah,Blue,20,1,23.67,2024-08-12,33,3,2024,2946,996.97,165.32,4,0.3384,swipe,Food,263.08,0
C100894,Aisha Khan,Platinum,300,1,338.78,2024-09-23,39,3,2024,23223,801.45,28164.99,44,0.0345,swipe,Shopping,154.64,0
C100895,Hamza Mir,Gold,150,1,147.33,2024-10-28,44,4,2024,10381,2697.88,2888.65,16,0.2599,swipe,Bills,465.11,0
C100896,Latif Farooq,Blue,20,1,17.81,2024-06-03,23,2,2024,2005,581.58,201.06,5,0.2901,chip,Entertainment,148.03,0
C100897,Asad Sheikh,Gold,150,1,82.04,2024-06-24,26,2,2024,15131,2617.75,5098.72,17,0.173,online,Education,425.23,0
C100898,Salma Ullah,Blue,20,1,58.19,2024-04-01,14,2,2024,2882,677.41,174.52,3,0.235,chip,Travel,136.82,0
C100899,Ali Hussain,Platinum,300,1,205.49,2024-08-12,33,3,2024,43383,7446.11,68373.95,93,0.1716,online,Shopping,2054.1,0
C100900,Zubair Khalil,Blue,20,1,24.94,2024-06-24,26,2,2024,2937,888.65,518.89,7,0.3026,chip,Shopping,213.71,0
C100901,Noor Aziz,Blue,20,0,27.48,2024-07-22,30,3,2024,4050,896.1,595.49,6,0.2213,online,Travel,237.85,0
C100902,Zara Malik,Blue,20,1,28.29,2024-09-16,38,3,2024,1476,363.81,129.33,3,0.2465,online,Entertainment,91.31,0
C100903,Yahya Abbasi,Platinum,300,1,215.97,2024-03-11,11,1,2024,31381,12884.6,35697.67,53,0.4106,swipe,Education,3306.36,0
C100904,Ali Hashmi,Silver,50,1,11.13,2024-12-09,50,4,2024,5189,1575.14,637.99,8,0.3036,swipe,Grocery,401.19,0
C100905,Rehan Nazir,Gold,150,1,145.15,2024-02-12,7,1,2024,18475,1682.87,11959.58,30,0.0911,online,Food,349.05,0
C100906,Yasir Yousaf,Silver,50,1,58.22,2024-05-20,21,2,2024,4093,1509.38,630.28,8,0.3688,chip,Food,336.12,1
C100907,Latif Batool,Gold,150,1,128.97,2024-09-16,38,3,2024,18898,3901.42,11827.27,45,0.2064,online,Utilities,662.65,0
C100908,Tariq Nazir,Silver,50,1,95.6,2024-12-02,49,4,2024,7002,3216.07,1390.74,8,0.4593,online,Healthcare,680.46,1
C100909,Leen Nawaz,Silver,50,1,52.91,2024-06-24,26,2,2024,6383,1682.66,1731.7,13,0.2636,online,Entertainment,347.75,0
C100910,Zubair Ahmed,Blue,20,1,35.19,2024-07-29,31,3,2024,3505,3469.95,522.62,5,0.99,online,Entertainment,764.33,1
C100911,Leen Hashmi,Platinum,300,1,294.84,2024-10-21,43,4,2024,28128,8239.01,37115.95,66,0.2929,swipe,Grocery,1573.03,1
C100912,Maryam Siddiqui,Platinum,300,1,289.41,2024-06-17,25,2,2024,22354,8603.38,21083.07,44,0.3849,chip,Fuel,2256.23,0
C100913,Hassan Khan,Silver,50,1,82.59,2024-07-29,31,3,2024,6280,604.15,1116.86,12,0.0962,chip,Bills,106.92,0
C100914,Kiran Abbasi,Platinum,300,1,121.14,2024-07-08,28,3,2024,31358,1989.69,32928.83,62,0.0635,online,Bills,559.6,0
C100915,Maryam Pervez,Silver,50,1,42.6,2024-08-19,34,3,2024,7598,2038.96,1675.3,10,0.2684,chip,Food,558.31,0
C100916,Sara Javed,Blue,20,1,34.71,2024-11-18,47,4,2024,3611,1053.97,214.29,7,0.2919,online,Grocery,221.01,0
C100917,Yahya Iqbal,Blue,20,1,21.84,2024-11-25,48,4,2024,4106,1426.4,721.75,12,0.3474,chip,Food,392.19,1
C100918,Ibrahim Siddiqui,Platinum,300,1,97.14,2024-07-01,27,3,2024,27677,5491.21,17132.31,47,0.1984,swipe,Education,1145.66,0
C100919,Khalid Mir,Gold,150,0,156.92,2024-02-26,9,1,2024,16231,4458.46,14522.57,36,0.2747,online,Bills,892.32,0
C100920,Ateeq Riaz,Blue,20,1,19.36,2024-03-11,11,1,2024,4147,639.14,377.58,4,0.1541,online,Education,186.19,0
C100921,Hussain Nawaz,Blue,20,1,40.98,2024-07-29,31,3,2024,3681,969.64,362.34,6,0.2634,swipe,Shopping,179.51,1
C100922,Yahya Shah,Gold,150,1,124.58,2024-04-08,15,2,2024,12502,899.88,4360.4,33,0.072,swipe,Travel,246.1,0
C100923,Tariq Abbasi,Blue,20,1,7.2,2024-06-10,24,2,2024,2759,1041.27,361.77,5,0.3774,swipe,Entertainment,181.84,0
C100924,Asad Anjum,Silver,50,1,75.44,2024-03-11,11,1,2024,6367,1832.4,1000.41,9,0.2878,chip,Travel,375.17,0
C100925,Asad Abbasi,Silver,50,1,42.4,2024-03-18,12,1,2024,4804,2133.86,977.43,10,0.4442,chip,Utilities,621.1,1
C100926,Bilal Pervez,Blue,20,1,20.86,2024-11-04,45,4,2024,2385,642.29,254.79,7,0.2693,swipe,Bills,160.19,0
C100927,Zubair Khalil,Gold,150,1,50.17,2024-08-19,34,3,2024,13762,7170.85,5754.83,28,0.5211,chip,Grocery,1024.32,0
C100928,Ateeq Siddiqui,Blue,20,1,23.71,2024-03-11,11,1,2024,2984,1670.99,338.8,6,0.56,online,Fuel,434.95,0
C100929,Hamza Butt,Gold,150,1,73.79,2024-02-26,9,1,2024,21479,10065.39,29488.46,47,0.4686,chip,Travel,2444.37,0
C100930,Sara Khalil,Blue,20,1,32.6,2024-03-04,10,1,2024,4595,1254.3,305.98,3,0.273,chip,Healthcare,330.69,0
C100931,Ali Ahmed,Blue,20,1,12.88,2024-08-05,32,3,2024,3496,1064.0,484.17,8,0.3043,chip,Utilities,226.1,1
C100932,Rohail Yousaf,Blue,20,1,28.05,2024-05-06,19,2,2024,3310,640.77,598.43,10,0.1936,chip,Grocery,112.93,0
C100933,Mohammad Abbasi,Blue,20,1,40.52,2024-11-04,45,4,2024,3799,1140.94,574.53,8,0.3003,chip,Fuel,217.11,0
C100934,Omar Batool,Silver,50,1,33.0,2024-05-20,21,2,2024,6891,1874.34,2195.95,17,0.272,swipe,Shopping,499.05,0
C100935,Rohail Abbasi,Gold,150,1,148.4,2024-10-14,42,4,2024,12512,4081.84,7238.71,33,0.3262,chip,Grocery,1219.86,0
C100936,Mohammad Shah,Blue,20,1,40.82,2024-05-20,21,2,2024,3929,2444.31,272.49,4,0.6221,chip,Bills,347.54,1
C100937,Zain Ullah,Blue,20,1,29.66,2024-12-23,52,4,2024,2451,982.14,406.09,6,0.4007,online,Shopping,201.22,0
C100938,Omar Farooq,Gold,150,1,135.87,2024-06-24,26,2,2024,19191,6310.87,13190.54,34,0.3288,online,Healthcare,1138.82,1
C100939,Bilal Iqbal,Blue,20,0,37.76,2024-03-04,10,1,2024,4052,1121.14,497.56,11,0.2767,online,Grocery,213.02,0
C100940,Rana Abbasi,Silver,50,1,25.82,2024-01-15,3,1,2024,7496,1949.78,2705.73,12,0.2601,chip,Shopping,396.87,0
C100941,Nadia Sheikh,Silver,50,1,61.0,2024-12-16,51,4,2024,4845,2640.73,542.2,5,0.545,online,Utilities,487.61,0
C100942,Yahya Riaz,Silver,50,1,26.36,2024-08-26,35,3,2024,6614,1778.91,1838.07,13,0.269,swipe,Shopping,498.35,1
C100943,Rana Batool,Blue,20,1,37.92,2024-12-02,49,4,2024,1006,376.61,22.35,1,0.3744,swipe,Grocery,89.97,1
C100944,Rehan Aslam,Gold,150,0,109.93,2024-03-25,13,1,2024,19450,7400.98,14602.91,35,0.3805,chip,Shopping,2162.31,0
C100945,Hamza Rashid,Silver,50,0,24.69,2024-02-26,9,1,2024,2540,864.56,249.03,5,0.3404,chip,Healthcare,197.53,0
C100946,Ibrahim Abbasi,Gold,150,1,198.25,2024-05-13,20,2,2024,17407,3141.36,12304.29,27,0.1805,swipe,Healthcare,458.01,0
C100947,Tariq Aslam,Platinum,300,1,303.72,2024-03-11,11,1,2024,27157,14441.07,43533.22,63,0.5318,online,Grocery,4159.79,1
C100948,Rana Siddiqui,Blue,20,0,27.53,2024-01-15,3,1,2024,1986,99.34,34.53,1,0.05,chip,Food,29.49,0
C100949,Rana Batool,Blue,20,1,35.19,2024-11-04,45,4,2024,2057,821.51,200.43,5,0.3994,swipe,Shopping,184.99,1
C100950,Salma Nazir,Blue,20,1,32.7,2024-09-23,39,3,2024,2634,577.1,428.46,6,0.2191,online,Education,151.46,0
C100951,Rana Siddiqui,Silver,50,1,54.49,2024-09-30,40,4,2024,7246,1089.74,1461.2,11,0.1504,swipe,Food,218.66,0
C100952,Ahmed Iqbal,Platinum,300,1,175.73,2024-08-12,33,3,2024,31147,6129.32,36868.94,54,0.1968,online,Healthcare,929.87,0
C100953,Ahmed Hussain,Blue,20,1,21.79,2024-06-03,23,2,2024,3202,1025.44,720.23,11,0.3202,swipe,Travel,200.67,0
C100954,Hussain Sheikh,Gold,150,1,104.3,2024-02-26,9,1,2024,18813,5981.84,25139.91,46,0.318,swipe,Education,862.33,0
C100955,Mumtaz Yousaf,Silver,50,1,29.35,2024-03-18,12,1,2024,7565,4727.68,996.15,8,0.6249,swipe,Food,1302.73,1
C100956,Rana Yousaf,Platinum,300,1,246.69,2024-06-24,26,2,2024,39263,12001.39,19494.2,76,0.3057,online,Shopping,3213.89,1
C100957,Rida Hussain,Blue,20,1,12.66,2024-10-21,43,4,2024,3182,1672.34,321.01,6,0.5256,chip,Shopping,284.14,0
C100958,Leen Nawaz,Platinum,300,1,220.36,2024-01-29,5,1,2024,41407,8753.31,73699.84,77,0.2114,swipe,Utilities,2232.68,0
C100959,Maryam Yousaf,Blue,20,1,30.66,2024-06-03,23,2,2024,3330,1952.74,767.74,9,0.5864,chip,Shopping,383.21,1
C100960,Mumtaz Zafar,Blue,20,1,27.93,2024-07-29,31,3,2024,3047,2259.56,186.83,7,0.7416,swipe,Bills,338.23,0
C100961,Ibrahim Khan,Gold,150,1,206.67,2024-06-10,24,2,2024,16966,9611.93,7325.48,31,0.5665,online,Fuel,1562.12,0
C100962,Kiran Anjum,Gold,150,1,71.32,2024-12-09,50,4,2024,16235,6268.74,13201.9,40,0.3861,chip,Shopping,970.48,0
C100963,Hamza Butt,Gold,150,1,128.58,2024-08-05,32,3,2024,13914,4053.8,8736.47,28,0.2913,chip,Education,1004.01,0
C100964,Aisha Pervez,Platinum,300,1,326.62,2024-05-13,20,2,2024,27425,11568.88,27047.42,57,0.4218,chip,Entertainment,2421.84,0
C100965,Rehan Naeem,Blue,20,1,29.49,2024-02-12,7,1,2024,3387,182.02,553.34,6,0.0537,swipe,Fuel,49.13,0
C100966,Hamza Javed,Blue,20,1,43.34,2024-08-26,35,3,2024,3405,1102.28,289.31,4,0.3237,online,Utilities,328.29,0
C100967,Aisha Mir,Gold,150,1,12.83,2024-05-27,22,2,2024,17580,6564.06,11519.27,35,0.3734,online,Bills,1894.24,0
C100968,Sara Aslam,Blue,20,1,8.77,2024-12-09,50,4,2024,3060,681.76,467.39,7,0.2228,swipe,Travel,195.36,0
C100969,Noman Riaz,Blue,20,1,28.84,2024-12-02,49,4,2024,3171,721.93,274.34,5,0.2277,swipe,Education,120.92,0
C100970,Mumtaz Naeem,Gold,150,1,94.83,2024-08-05,32,3,2024,11594,4497.68,5628.38,18,0.3879,swipe,Food,1110.1,0
C100971,Asad Farooq,Blue,20,1,24.01,2024-12-16,51,4,2024,4496,3151.39,590.78,5,0.7009,online,Healthcare,483.6,1
C100972,Aisha Mir,Blue,20,1,13.99,2024-05-20,21,2,2024,2918,288.23,161.31,4,0.0988,swipe,Travel,46.19,0
C100973,Tariq Qureshi,Silver,50,1,46.05,2024-04-08,15,2,2024,7079,1666.99,1559.33,20,0.2355,chip,Utilities,496.79,0
C100974,Maryam Farooq,Silver,50,0,6.49,2024-07-29,31,3,2024,5915,1933.57,921.85,10,0.3269,swipe,Food,354.75,1
C100975,Ibrahim Malik,Blue,20,1,26.85,2024-05-20,21,2,2024,2424,934.04,464.73,9,0.3853,swipe,Bills,208.95,1
C100976,Ahmed Hashmi,Silver,50,1,68.27,2024-02-12,7,1,2024,7689,1402.06,2275.27,13,0.1823,online,Fuel,379.01,0
C100977,Aisha Saleem,Platinum,300,1,391.61,2024-12-09,50,4,2024,20845,7891.13,21727.67,38,0.3786,swipe,Grocery,1170.48,0
C100978,Hussain Qureshi,Blue,20,1,23.81,2024-02-26,9,1,2024,2937,534.89,168.74,3,0.1821,swipe,Fuel,127.13,0
C100979,Noman Javed,Silver,50,1,23.34,2024-10-28,44,4,2024,7821,3944.04,2925.43,17,0.5043,chip,Shopping,1037.68,0
C100980,Rida Hashmi,Silver,50,1,51.95,2024-04-29,18,2,2024,5707,334.93,2163.99,17,0.0587,online,Utilities,54.69,0
C100981,Omar Rashid,Platinum,300,1,352.46,2024-05-06,19,2,2024,26722,10390.01,46684.24,51,0.3888,swipe,Food,2072.31,0
C100982,Asad Khalil,Platinum,300,1,233.93,2024-07-29,31,3,2024,28577,2094.88,39711.44,63,0.0733,online,Utilities,322.34,0
C100983,Sara Nawaz,Silver,50,1,70.21,2024-06-03,23,2,2024,6541,1114.24,1591.0,13,0.1703,chip,Fuel,304.89,1
C100984,Fatima Khalil,Platinum,300,1,141.97,2024-05-06,19,2,2024,25527,3264.8,30371.96,60,0.1279,swipe,Healthcare,848.1,0
C100985,Asad Saleem,Gold,150,1,121.28,2024-04-29,18,2,2024,13453,4522.63,7801.8,26,0.3362,online,Healthcare,800.43,1
C100986,Rehan Ullah,Platinum,300,1,213.0,2024-02-12,7,1,2024,21925,4329.88,20497.02,44,0.1975,chip,Entertainment,883.2,0
C100987,Noor Ullah,Silver,50,1,40.81,2024-11-25,48,4,2024,8616,3793.82,4021.73,17,0.4403,online,Food,729.69,1
C100988,Hassan Pervez,Gold,150,1,39.69,2024-07-29,31,3,2024,17883,9686.69,4793.24,29,0.5417,online,Healthcare,1833.11,0
C100989,Zain Pervez,Blue,20,1,24.0,2024-01-29,5,1,2024,3279,2013.49,376.41,6,0.6141,online,Healthcare,599.23,0
C100990,Zubair Hashmi,Blue,20,1,34.5,2024-01-22,4,1,2024,3209,1307.47,435.42,9,0.4074,swipe,Travel,257.3,0
C100991,Hussain Khan,Silver,50,1,53.61,2024-06-03,23,2,2024,5779,1445.0,2261.26,15,0.25,swipe,Grocery,379.85,1
C100992,Hafsa Shah,Gold,150,1,144.5,2024-11-25,48,4,2024,16209,4113.72,11155.67,35,0.2538,chip,Fuel,1158.57,0
C100993,Zara Farooq,Silver,50,1,22.11,2024-05-13,20,2,2024,5997,2546.3,1855.21,15,0.4246,chip,Fuel,492.05,0
C100994,Yahya Rashid,Blue,20,1,14.66,2024-07-15,29,3,2024,3713,858.21,651.41,7,0.2311,online,Fuel,204.99,0
C100995,Ateeq Ullah,Silver,50,1,72.21,2024-04-22,17,2,2024,6037,2896.08,2565.74,17,0.4797,chip,Education,625.92,1
C100996,Noor Hussain,Silver,50,1,68.48,2024-05-13,20,2,2024,7734,842.07,2720.8,18,0.1089,chip,Grocery,192.4,0
C100997,Noor Yousaf,Blue,20,1,49.26,2024-08-05,32,3,2024,2052,512.39,173.85,4,0.2497,online,Education,80.77,1
C100998,Sana Rashid,Platinum,300,1,296.85,2024-05-13,20,2,2024,26238,4424.49,26595.12,49,0.1686,online,Education,755.88,0
C100999,Leen Riaz,Blue,20,1,25.19,2024-05-20,21,2,2024,2402,619.32,363.38,4,0.2578,swipe,Utilities,113.35,0
C101000,Sara Naeem,Blue,20,1,22.64,2024-05-13,20,2,2024,2899,520.64,167.97,4,0.1796,chip,Fuel,149.15,0
